Name,CMP,PE,Market Cap,Dividend Yield,Net Profit Last Quarter,Quaterly Profit Growth,Sales Latest Quarter,Quaterly Sales Growth,Return on Campital Employment
P I Industries,4265.25,36.46,64711.57,0.35,508.20,5.76,2221.00,4.92,24.00
UPL,525.80,,39466.95,0.19,-585.00,-152.09,11090.00,9.05,3.29
Bayer Crop Sci.,5892.85,45.69,26483.70,2.38,136.30,-38.85,1737.60,7.44,33.91
Sumitomo Chemi.,520.90,53.78,26000.50,0.17,190.84,32.82,971.35,7.51,20.83
Sharda Cropchem,780.75,32.35,7043.97,0.38,42.42,253.77,776.89,33.77,4.27
Dhanuka Agritech,1527.15,25.70,6960.49,0.92,117.52,15.48,654.28,5.88,26.93
Rallis India,307.75,40.17,5984.78,0.81,98.00,20.62,928.00,11.54,11.20
Bharat Rasayan,10863.25,32.21,4513.97,0.01,40.15,421.43,327.87,24.73,11.14
Bhagiradha Chem.,328.35,188.37,4085.82,0.03,5.44,-4.90,103.73,-14.98,9.18
Meghmani Organi.,94.82,,2411.41,0.00,-9.27,39.57,543.89,43.61,-3.13
Insecticid.India,729.00,16.46,2157.68,0.41,61.60,15.70,627.21,-9.88,13.02
India Pesticides,183.29,29.33,2110.83,0.41,26.48,33.54,228.78,13.27,10.74
Excel Industries,1657.20,27.39,2083.22,0.33,35.68,1893.30,268.91,35.79,1.57
Astec Lifescienc,1059.25,,2077.33,0.00,-38.55,-187.26,98.55,-11.05,-4.48
Heranba Inds,480.70,28.34,1923.45,0.26,37.66,39.95,437.42,3.09,6.73
Best Agrolife,606.50,38.93,1434.05,0.49,94.66,-0.22,746.60,-7.96,16.48
Punjab Chemicals,1018.30,31.67,1248.44,0.29,12.37,-31.73,242.13,-0.02,22.49
NACL Industries,50.00,,996.92,0.00,14.90,265.20,440.31,-24.12,-0.04
Dharmaj Crop,288.20,24.09,974.04,0.00,21.03,-8.68,311.33,23.22,14.52
Shivalik Rasayan,523.95,58.11,815.29,0.10,4.43,113.30,82.44,22.95,6.08
Sikko Industries,92.83,26.84,155.95,0.00,2.10,29.63,15.32,-18.73,20.67
Ambey,61.25,19.17,152.80,0.00,,,,,17.26
Aimco Pesticides,101.70,,97.45,0.00,-1.55,74.12,39.78,-13.37,-18.46
Aristo Bio-Tech,130.90,22.85,89.11,0.31,1.32,,112.32,26.47,13.25
Poonawalla Fin,355.95,66.32,27685.65,0.56,-471.04,-242.18,988.87,33.88,10.80
Authum Invest,1572.85,6.61,26714.09,0.00,843.72,7.11,1091.10,12.09,39.34
Piramal Enterp.,1044.25,,23545.51,0.96,162.97,166.38,2287.97,4.31,3.91
PNB Housing,904.00,13.81,23489.79,0.00,471.70,22.71,1867.53,5.74,9.27
Aditya AMC,801.30,25.79,23105.91,1.68,242.34,36.08,424.21,26.63,34.89
TVS Holdings,11288.25,24.00,22838.50,0.83,598.81,21.84,11554.44,8.93,14.98
JSW Holdings,19420.20,89.74,21556.42,0.00,119.64,89.30,162.18,81.88,0.70
Five-Star Bus.Fi,647.70,19.48,18944.35,0.00,267.94,34.38,702.05,35.32,15.80
Aadhar Hsg. Fin.,434.85,22.42,18691.79,0.00,227.51,15.31,764.27,21.59,11.36
IIFL Finance,422.15,11.81,17918.38,0.95,-93.07,-22.94,2571.90,3.78,11.81
UTI AMC,1311.90,19.87,16729.68,1.83,263.08,30.83,538.40,33.25,22.60
Anand Rathi Wea.,3884.05,61.67,16266.52,0.36,76.31,32.39,242.48,32.81,50.74
Aptus Value Hou.,316.80,23.44,15831.86,1.42,181.97,22.94,421.39,26.32,14.68
Capri Global,191.48,48.86,15795.95,0.08,96.98,48.65,751.64,34.89,9.50
IFCI,57.78,104.20,15101.33,0.00,184.89,-13.51,617.14,1.70,10.24
CreditAcc. Gram.,884.70,10.57,14108.33,1.13,186.06,-46.72,1453.29,16.55,14.76
Manappuram Fin.,155.63,5.83,13173.06,2.28,572.08,2.20,2633.10,21.86,13.75
AAVAS Financiers,1650.20,24.49,13059.94,0.00,147.91,21.52,579.16,16.61,9.91
JM Financial,129.05,20.01,12334.00,1.55,144.20,-26.03,1190.51,-0.57,10.13
Mah. Scooters,10626.05,69.56,12145.58,1.60,151.16,-23.55,163.17,-20.76,0.88
Can Fin Homes,822.95,13.36,10957.92,0.73,211.49,33.80,962.48,10.50,9.26
Bengal & Assam,9412.60,9.25,10632.78,0.42,127.75,-60.31,589.88,-86.52,14.11
Choice Intl.,526.80,68.48,10503.29,0.00,46.45,56.39,247.39,29.56,24.97
Interglobe Aviat,3891.20,22.67,150317.06,0.00,-988.80,-626.35,16969.60,13.56,24.53
SpiceJet,55.37,,7096.69,0.00,149.96,-26.69,1695.52,-15.30,1.69
Afcom,475.55,47.04,1182.11,0.00,18.86,,88.76,25.12,36.65
TAAL Enterprises,2721.50,19.73,848.11,0.92,14.53,32.69,49.12,2.38,31.31
United Spirits,1442.35,72.97,104909.45,0.62,341.00,8.10,2844.00,-0.87,27.87
United Breweries,1883.55,105.45,49801.06,0.53,132.33,23.33,2116.72,11.99,13.49
Radico Khaitan,2249.15,104.06,30088.49,0.13,82.19,32.82,1116.30,20.68,13.16
Allied Blenders,315.65,143.73,8829.05,0.00,48.45,314.10,867.67,1.94,15.76
Piccadily Agro,720.70,66.51,6799.03,0.00,24.64,121.78,184.92,62.05,29.59
Tilaknagar Inds.,338.65,35.98,6534.47,0.15,58.23,82.42,374.86,5.78,22.12
India Glycols,1162.60,18.56,3599.41,0.69,49.71,30.78,961.20,24.09,10.98
Sula Vineyards,395.45,38.97,3337.06,2.15,14.48,-37.29,132.36,-0.99,18.81
Globus Spirits,837.90,38.47,2418.97,0.42,1.56,-88.06,637.86,12.47,9.56
Som Distilleries,100.50,20.03,1947.45,0.00,18.70,25.93,289.73,16.96,19.43
G M Breweries,763.65,11.19,1744.71,0.73,21.67,-3.13,149.00,-1.70,23.53
Assoc.Alcohols,877.80,29.10,1683.55,0.23,15.32,13.90,254.63,49.51,14.63
Jagatjit Inds.,228.30,,1068.05,0.00,-7.98,-421.54,137.18,-2.19,10.32
IFB Agro Inds.,563.90,207.20,528.37,0.00,2.09,199.52,266.79,11.52,-2.40
Aurangabad Dist.,228.50,11.19,234.21,0.00,6.13,,52.23,,24.92
Piccadily Sugar,59.53,,138.41,0.00,-1.20,-12.15,2.63,112.10,-20.95
Samvardh. Mothe.,165.36,30.72,116352.18,0.48,948.81,218.76,27811.86,18.48,13.68
Bosch,33862.10,49.87,99871.66,1.11,535.90,23.94,4394.30,6.40,20.61
Uno Minda,995.15,63.33,57137.92,0.20,266.16,6.33,4244.79,17.22,19.94
Sona BLW Precis.,668.65,72.33,41540.22,0.46,143.58,18.35,922.19,17.11,24.02
Exide Inds.,418.10,42.49,35538.50,0.48,233.40,-14.15,4450.00,1.80,10.15
Endurance Tech.,2375.30,43.43,33411.65,0.36,202.98,31.33,2912.66,14.45,16.60
ZF Commercial,14669.35,67.96,27813.09,0.12,109.34,4.80,906.70,-7.56,20.90
Motherson Wiring,60.93,40.80,26937.81,1.31,152.08,-2.44,2325.64,10.26,47.96
Sundram Fasten.,1188.45,45.69,24972.71,0.58,143.84,8.05,1486.04,4.52,18.54
Amara Raja Ener.,1255.60,23.79,22980.66,0.79,240.71,12.31,3135.83,11.57,18.74
Bombay Burmah,2564.30,14.50,17891.61,0.05,515.67,90.99,4760.84,5.24,28.31
JBM Auto,1454.05,91.78,17193.72,0.10,52.61,11.96,1285.98,4.47,14.45
HBL Power System,540.90,43.32,14993.47,0.09,87.07,26.92,520.96,-6.40,35.94
Minda Corp,494.30,45.14,11817.70,0.28,74.34,26.49,1290.01,7.87,15.20
Craftsman Auto,4690.65,44.70,11189.82,0.24,61.69,-34.75,1213.95,2.96,19.99
Sansera Enginee.,1486.85,47.23,9176.89,0.20,51.61,7.83,763.37,10.17,15.76
Shriram Pistons,2026.65,19.24,8927.36,0.49,125.88,10.42,876.50,16.62,27.87
ASK Automotive,415.60,36.94,8193.25,0.24,67.28,63.14,973.86,22.67,24.24
Varroc Engineer,508.00,14.71,7761.55,0.00,57.80,2.67,2080.77,10.28,17.48
Suprajit Engg.,454.85,45.67,6302.83,0.55,0.48,-98.62,833.60,17.60,13.94
Gabriel India,423.45,30.49,6082.60,0.94,52.69,12.23,924.01,6.89,26.72
Home First Finan,1049.20,27.35,9362.68,0.32,92.23,24.12,372.91,36.43,11.25
SBFC Finance,82.91,29.74,8927.53,0.00,83.98,59.63,313.89,27.44,10.93
Kama Holdings,2546.30,10.63,8171.22,1.39,203.92,-31.26,3451.86,7.66,13.56
Religare Enterp.,245.24,88.12,8100.16,0.00,68.49,102.33,1951.86,23.19,8.71
INDIA SHELTE FIN,643.70,22.08,6913.52,0.00,89.87,49.68,282.28,38.56,12.23
Sundaram Fin.Hol,310.25,12.07,6890.77,2.48,88.90,-2.00,29.86,22.43,5.85
Pilani Invest.,5999.75,33.69,6643.07,0.25,77.70,43.36,122.83,15.18,2.01
Elcid Investment,269172.70,22.29,5383.45,0.01,43.47,179.37,56.35,149.67,2.02
MAS FINANC SER,293.35,18.92,5322.93,0.51,77.62,25.42,384.27,23.81,11.70
Kirloskar Indus.,4547.10,24.18,4734.11,0.29,91.63,-12.34,1687.74,6.95,10.68
Nalwa Sons Invst,8237.55,50.98,4234.10,0.00,35.05,75.26,59.75,124.20,0.73
Paisalo Digital,43.45,21.19,3902.00,0.23,49.92,5.12,187.03,29.27,14.06
Northern ARC,237.45,11.21,3831.95,0.00,112.13,54.02,573.20,35.05,10.87
Dhani Services,63.49,,3829.93,0.00,4.19,103.99,102.63,4.11,-5.16
Fedbank Financi.,99.03,13.75,3683.12,0.00,64.55,11.76,512.98,29.94,10.48
Summit Securitie,3297.80,31.60,3594.60,0.00,75.15,96.11,106.68,100.19,1.39
Indostar Capital,260.10,43.88,3539.42,0.00,31.68,85.06,344.99,47.29,8.35
Eraaya Lifespace,1770.25,2766.34,3347.27,0.00,0.03,-50.00,1.24,-99.47,7.00
Muthoot Microfin,190.24,7.74,3243.44,0.00,61.61,-43.77,666.58,18.27,14.97
Spandana Sphoort,365.80,29.70,2608.34,0.00,-203.93,-275.33,640.36,9.59,14.16
Rane Holdings,1824.35,23.13,2605.17,1.37,185.40,-74.91,916.50,-1.25,12.95
Saraswati Commer,22763.35,13.67,2344.46,0.00,63.33,166.09,78.31,174.10,21.84
Dolat Algotech,130.49,9.27,2296.62,0.19,66.71,90.76,119.82,68.59,27.67
Ugro Capital,230.75,16.36,2145.28,0.00,35.52,22.95,330.16,35.00,12.16
PNB Gilts,114.32,9.42,2057.88,0.87,114.68,377.60,500.76,44.39,6.81
Abans Holdings,368.00,20.96,1860.34,0.00,27.38,18.92,641.26,75.47,9.23
Master Trust,164.52,13.47,1847.00,0.00,36.89,58.12,153.68,27.77,33.47
Fusion Finance,177.71,5.12,1788.31,0.00,-35.62,-129.57,688.32,29.61,14.14
GKW,2971.95,154.55,1774.25,0.00,6.69,-5.64,14.50,26.20,0.84
Mufin Green,108.33,91.51,1769.79,0.00,5.71,42.39,40.32,90.82,10.75
Balmer Law. Inv.,77.03,9.94,1709.86,4.93,62.93,-0.59,641.57,9.21,17.81
Satin Creditcare,151.90,4.29,1678.05,0.00,44.69,-58.15,656.90,22.19,16.65
Vardhman Hold.,4909.05,6.84,1565.99,0.10,49.38,-20.26,7.40,-75.55,6.07
Capital India,187.65,,1458.68,0.05,0.60,111.74,165.71,-5.91,6.11
Fedders Holding,82.42,13.02,1409.10,0.00,20.15,293.76,142.01,91.62,21.11
Dhunseri Invest.,2248.85,14.42,1371.16,0.11,82.65,16.53,160.06,163.21,4.89
Ashika Credit,635.75,52.24,1361.78,0.00,9.27,125.00,17.07,168.40,17.92
Indl.& Prud.Inv.,7276.55,23.07,1219.43,1.24,18.22,16.20,3.83,139.38,7.23
GIC Housing Fin,206.06,6.74,1109.63,2.18,36.48,20.95,264.04,-1.33,8.54
Max India Ltd,244.05,,1053.58,0.00,-22.73,-383.62,42.77,-13.12,-7.69
The Invest.Trust,200.92,24.81,1049.65,0.00,20.42,97.48,111.19,45.35,6.63
GFL,94.60,,1039.18,0.00,-35.35,-249.22,0.85,3.66,-0.31
Sunshine Capital,1.97,187.98,1030.15,0.00,3.30,483.72,5.78,212.43,0.25
Algoquant Fin,1257.05,93.10,1010.17,0.00,1.53,225.53,16.32,52.24,21.88
Prime Securities,300.90,27.96,1009.45,0.33,17.20,335.44,29.83,93.70,16.54
Sastasundar Ven.,312.80,26.18,995.02,0.00,40.96,10964.26,270.29,-19.57,-2.95
Indl. Inv. Trust,405.50,15.36,914.30,0.00,9.00,492.11,14.48,140.93,14.37
Naperol Invest.,1546.30,906.80,888.66,0.00,1.33,6750.00,1.73,517.86,-0.08
STEL Holdings,480.40,55.88,886.82,0.00,5.72,91.30,7.78,86.57,1.53
Jindal Poly Inve,784.60,2.09,824.61,0.00,139.82,156.60,7.91,5.89,11.82
Shardul Sec.,463.35,4.06,810.86,0.00,28.75,62.06,40.11,34.33,28.87
Jindal Photo,732.95,2.10,752.01,0.00,124.69,172.13,0.81,80.00,12.34
A.K.Capital Serv,1128.95,8.07,745.11,1.42,20.08,1.02,120.12,-3.46,9.19
SIL Investments,692.35,22.26,733.89,0.36,16.76,26.69,24.74,19.23,2.07
M & M,2807.20,29.42,349083.41,0.75,3361.06,35.05,37923.74,10.13,13.58
Maruti Suzuki,11006.05,24.68,346033.04,1.14,3102.50,-18.06,37449.20,0.29,21.82
Tata Motors,774.30,8.52,285019.19,0.39,3450.00,-12.93,101450.00,-3.50,20.11
Bajaj Auto,9482.95,35.93,264818.59,0.84,1385.44,-31.42,13247.28,22.23,33.53
Hyundai Motor I,1765.75,24.11,143474.44,0.00,1337.79,-16.51,16876.17,-8.33,51.41
Eicher Motors,4883.70,31.36,133843.03,1.04,1100.33,8.27,4263.07,3.61,31.14
TVS Motor Co.,2396.15,60.33,113841.09,0.33,588.13,45.08,11301.68,13.78,14.68
Hero Motocorp,4604.00,22.34,92070.85,2.50,1066.47,5.70,10482.93,9.96,29.09
Ashok Leyland,217.57,24.74,63887.85,2.28,766.55,15.40,11147.58,-2.46,15.01
Escorts Kubota,3503.25,33.74,39193.57,0.51,324.22,54.02,2488.49,0.44,16.08
Ola Electric,70.12,,30928.74,0.00,-495.00,5.53,1214.00,39.06,-32.13
Olectra Greentec,1417.55,103.65,11635.35,0.03,47.65,163.34,523.67,70.49,14.79
Force Motors,6929.70,19.17,9133.34,0.29,135.05,43.84,1941.33,7.75,23.82
VST Till. Tract.,4502.20,32.45,3889.69,0.44,44.93,23.26,283.43,1.77,17.59
HDFC Bank,1692.75,18.70,1293529.73,1.15,18627.44,6.03,83001.72,10.61,7.67
St Bk of India,804.25,9.37,717762.57,1.70,20565.03,22.88,121044.68,12.71,6.16
Axis Bank,1140.70,12.64,352942.54,0.09,7435.66,19.30,31601.05,15.26,7.06
Kotak Mah. Bank,1707.90,17.66,339558.56,0.12,5044.05,13.07,16426.97,19.76,7.86
Bank of Baroda,241.50,6.24,124888.40,3.15,5404.97,21.86,31886.92,8.97,6.33
Punjab Natl.Bank,99.49,7.90,114343.29,1.51,4739.04,136.90,30447.42,13.37,5.46
I O B,49.55,31.85,93661.45,0.00,777.16,24.43,6850.67,17.69,5.41
Canara Bank,97.49,5.53,88429.78,3.30,4226.75,10.27,30181.85,10.60,6.63
ICICI Bank,1256.95,18.72,886797.92,0.80,13905.99,18.83,46325.78,18.97,7.60
Union Bank (I),113.90,5.67,86946.77,3.16,4750.93,33.01,26886.58,8.71,6.55
IDBI Bank,77.06,12.24,82858.01,1.95,1869.27,34.31,7445.01,23.30,6.23
IndusInd Bank,1017.15,9.76,79235.28,1.62,1325.45,-39.24,12686.28,12.79,7.93
Indian Bank,536.95,7.33,72325.23,2.23,2800.81,35.35,15369.01,11.66,5.92
Yes Bank,19.31,33.77,60533.76,0.00,566.59,147.81,7737.20,15.24,5.83
UCO Bank,41.27,22.61,49342.24,0.68,602.74,50.06,6078.36,16.47,5.34
Federal Bank,196.98,11.70,48316.84,0.61,1114.80,10.28,7005.66,20.97,6.93
Polycab India,6301.90,52.81,94776.02,0.48,445.21,3.35,5498.42,30.37,31.33
KEI Industries,3811.95,55.11,34417.88,0.09,154.81,10.41,2279.65,17.21,27.21
Finolex Cables,1137.35,32.06,17394.56,0.70,146.09,-11.67,1311.72,10.47,18.68
R R Kabel,1527.10,65.64,17264.87,0.39,49.75,-32.72,1810.14,12.45,21.71
Diamond Power,1447.70,440.22,7628.96,0.00,4.00,14.94,250.30,235.75,
Sterlite Tech.,118.26,,5768.12,0.00,-14.00,-150.00,1413.00,-5.42,4.80
Universal Cables,612.50,22.04,2125.09,0.49,18.28,56.91,638.12,29.07,10.00
Paramount Comm.,67.36,21.14,2054.04,0.00,20.33,4.31,355.89,40.98,15.29
Dynamic Cables,756.35,39.21,1832.58,0.07,13.85,172.10,234.15,52.53,24.09
V-Marc India,460.30,32.04,1048.83,0.00,11.37,,345.21,97.23,28.86
Birla Cable,205.17,85.13,615.51,0.85,2.00,-62.26,181.72,4.01,9.57
Delton Cables,703.80,57.58,608.08,0.21,8.49,-41.14,174.92,94.64,18.71
Plaza Wires,75.92,98.57,332.17,0.00,0.69,-31.00,47.25,-1.99,7.54
Cords Cable,187.72,20.76,242.68,0.53,2.63,28.92,182.95,25.89,15.41
DCG Cables,112.90,27.32,204.91,0.00,3.31,,39.42,,35.99
A B B,6680.15,83.87,141557.97,0.36,440.45,21.68,2912.16,5.16,30.69
CG Power & Ind,695.10,118.64,106245.21,0.19,219.63,-1.77,2412.69,20.54,46.63
Waaree Energies,2917.45,84.81,83813.44,0.00,401.13,17.29,3408.90,2.42,43.63
B H E L,223.71,175.17,77897.24,0.11,106.15,268.47,6584.10,28.46,3.37
Suzlon Energy,56.73,77.84,76789.91,0.00,200.60,45.89,2103.38,47.98,24.93
Hitachi Energy,11782.35,250.50,49935.57,0.03,52.29,111.36,1553.74,26.53,17.85
GE Vernova T&D,1766.55,114.57,45232.51,0.11,144.62,289.08,1107.77,58.76,23.14
Premier Energies,968.95,189.11,43677.78,0.00,205.95,289.61,1527.22,120.16,25.23
Apar Inds.,8959.35,42.35,35988.20,0.57,193.38,11.21,4644.51,18.32,43.96
Inox Wind,190.03,129.72,24776.00,0.00,90.20,443.46,732.24,97.56,4.26
Siemens,6736.85,98.96,239913.04,0.15,530.60,25.23,4768.50,6.60,20.66
Triveni Turbine,655.65,66.15,20841.60,0.40,91.00,42.03,501.10,29.22,38.32
V-Guard Industri,405.55,67.90,17643.27,0.35,52.19,0.38,1229.02,14.66,16.10
Schneider Elect.,724.55,87.97,17323.99,0.00,54.27,17.26,599.71,20.96,37.02
T R I L,861.55,107.00,12930.39,0.02,45.91,2710.56,461.54,79.55,14.81
Thermax,5003.85,93.99,59624.03,0.24,198.00,24.92,2611.59,13.43,16.93
Carborundum Uni.,1461.65,69.78,27821.95,0.27,116.16,13.72,1224.12,6.79,20.13
Jyoti CNC Auto.,1114.70,92.36,25350.85,0.00,75.88,352.74,430.67,42.47,21.22
Grindwell Norton,2084.80,61.67,23082.91,0.82,97.09,-5.60,693.87,3.97,24.59
Elgi Equipments,584.85,56.56,18534.42,0.34,94.72,3.76,868.86,7.78,22.28
Jupiter Wagons,436.20,50.67,18516.60,0.23,88.62,8.63,973.63,10.73,31.67
Kirloskar Oil,1137.40,31.94,16504.47,0.53,124.92,52.64,1500.32,14.98,14.97
Kirl. Brothers,2039.10,41.12,16192.27,0.29,96.70,89.74,1035.80,13.44,27.30
Titagarh Rail,1110.40,49.16,14954.18,0.07,80.69,15.01,1056.95,12.99,24.97
Action Const.Eq.,1242.40,40.46,14794.90,0.16,94.82,28.25,756.69,12.40,42.30
Cummins India,3329.80,48.89,92302.06,1.14,450.61,37.17,2492.31,31.20,35.23
KSB,818.90,62.15,14252.07,0.43,61.70,23.15,616.50,9.37,23.29
Ingersoll-Rand,4101.50,53.69,12947.62,1.71,60.35,21.40,322.10,16.57,51.35
Praj Industries,689.70,45.57,12677.59,0.87,53.83,-13.69,816.19,-7.50,29.29
Elecon Engg.Co,558.50,35.29,12532.74,0.27,87.72,-0.96,508.14,4.79,31.32
AIA Engineering,3430.90,30.65,32360.38,0.47,256.43,-20.63,1044.21,-19.35,22.71
CIE Automotive,471.70,21.87,17894.52,1.06,195.23,4.26,2134.63,-6.35,18.32
Ramkrishna Forg.,932.70,45.87,16876.27,0.21,189.77,36.54,1053.63,17.23,18.71
PTC Industries,11066.75,368.10,16568.24,0.00,17.31,112.65,72.37,25.84,10.91
Happy Forgings,1081.35,39.33,10186.84,0.37,71.43,29.26,361.13,5.26,22.70
Electrost.Cast.,144.28,10.23,8919.17,0.97,155.20,-11.11,1827.80,-4.77,16.25
Balu Forge,750.00,60.34,8208.14,0.02,48.14,106.88,222.88,60.09,30.78
Kennametal India,3020.35,60.85,6638.20,0.99,25.00,46.20,270.40,4.85,19.50
Rolex Rings,2023.45,30.99,5510.52,0.00,49.26,4.90,300.27,-6.39,28.05
Sundaram Clayton,2273.35,,5011.86,0.23,-54.20,-416.60,562.60,89.60,-1.97
Bharat Forge,1328.75,62.30,61865.09,0.68,243.30,12.57,3688.51,-2.27,12.90
M M Forgings,439.90,15.04,2123.91,0.91,35.93,-1.88,389.43,1.38,15.14
Sterling Tools,547.80,30.03,1973.41,0.37,17.47,45.22,283.98,35.12,14.69
Alicon Cast.,1206.45,26.83,1961.91,0.62,16.81,15.85,463.75,21.71,14.52
Steelcast,772.50,25.08,1563.54,0.93,13.29,-28.51,75.90,-25.30,39.95
Ambuja Cements,544.50,45.67,134117.07,0.37,472.89,-29.90,7516.11,1.24,14.05
Shree Cement,24091.70,50.20,86924.66,0.44,76.64,-82.88,4054.17,-15.07,14.76
ACC,2188.15,22.20,41090.67,0.34,199.70,-42.45,4613.52,4.03,17.27
Dalmia BharatLtd,1713.80,37.94,32141.91,0.53,49.00,-61.33,3087.00,-2.09,6.71
J K Cements,3999.30,42.61,30901.89,0.38,136.15,-75.62,2560.12,-7.00,15.80
The Ramco Cement,902.35,78.27,21321.84,0.28,25.77,-64.31,2044.13,-12.67,8.10
Nuvoco Vistas,335.05,243.97,11966.52,0.00,-85.17,-5666.67,2268.58,-11.83,5.42
India Cements,355.30,,11010.65,0.00,-338.72,-59.03,1031.80,-18.40,-0.78
Prism Johnson,184.30,,9276.92,0.00,-103.67,-702.93,1685.38,-8.29,3.45
Birla Corpn.,1085.30,27.41,8357.90,0.92,-25.19,-143.02,1952.56,-14.58,9.01
UltraTech Cem.,10728.50,47.11,309729.27,0.65,825.18,-35.95,15634.73,-2.36,15.12
JK Lakshmi Cem.,697.30,23.54,8205.13,0.93,-19.24,-115.10,1234.29,-21.61,17.04
Star Cement,182.54,37.29,7377.91,0.00,5.67,-86.06,641.55,9.62,16.48
Orient Cement,334.30,44.99,6848.76,0.67,2.32,-90.58,544.03,-24.50,16.13
Kesoram Inds.,205.63,,6388.60,0.00,-69.92,11.10,58.71,-1.99,11.00
Kajaria Ceramics,1154.65,48.30,18390.37,1.04,85.54,-21.94,1179.27,5.14,21.15
Pidilite Inds.,3021.70,78.33,153687.74,0.53,540.30,18.75,3234.91,5.16,29.74
SRF,2235.20,58.67,66256.88,0.32,201.42,-33.03,3424.30,7.77,12.71
Linde India,6816.95,132.91,58134.95,0.06,104.39,-2.17,634.42,-10.81,17.36
Gujarat Fluoroch,4103.90,109.93,45081.34,0.07,121.00,128.30,1188.00,25.45,9.76
Deepak Nitrite,2638.50,45.29,35987.30,0.28,194.20,-5.31,2032.00,14.28,21.65
Godrej Industrie,931.95,45.41,31383.61,0.00,488.86,229.46,4804.96,22.03,5.59
BASF India,6458.90,43.69,27960.58,0.23,127.94,-14.19,4247.72,14.60,24.99
Tata Chemicals,1058.55,43.98,26967.62,1.42,267.00,-45.66,3999.00,0.03,7.81
Himadri Special,497.75,50.99,24572.98,0.10,135.70,34.53,1136.92,13.18,19.11
Ramco Inds.,283.25,19.44,2458.87,0.26,16.88,506.75,353.17,11.83,3.15
Atul,7303.20,56.88,21501.90,0.27,139.53,51.47,1392.83,16.68,8.74
Vinati Organics,1834.95,50.91,19022.13,0.38,106.11,46.38,553.27,19.51,18.54
Castrol India,190.41,20.98,18833.88,3.94,207.43,6.69,1288.18,8.90,56.72
Navin Fluo.Intl.,3309.90,75.80,16415.50,0.36,58.82,-2.91,518.56,9.91,10.43
Deepak Fertiliz.,1282.45,23.88,16189.37,0.66,214.07,249.39,2746.72,13.31,10.72
Aarti Industries,438.25,35.86,15887.41,0.23,52.00,-45.05,1628.00,11.97,7.47
Worth Investment,14.95,255.40,554.22,0.00,0.59,11.32,1.31,32.32,7.75
Shalibhadra Fin.,716.45,41.54,553.25,0.17,3.45,14.62,8.23,6.74,15.94
Shriram AMC,415.95,,541.44,0.00,-3.63,-61.33,1.92,7.26,-7.25
Naga Dhunseri,5413.10,12.84,541.31,0.05,17.33,91.92,8.89,78.16,4.71
U. Y. Fincorp,27.75,29.38,527.91,0.00,3.47,-93.22,45.24,55.46,29.48
Niyogin Fintech,54.05,,514.32,0.00,-4.25,38.02,72.52,53.87,-6.80
Nahar Capital,307.10,12.16,514.09,0.49,14.32,16.99,14.54,20.17,5.34
Leading Lea. Fin,11.31,789.13,497.15,0.00,-0.23,-142.59,6.41,574.74,4.81
Aryaman Fin.Serv,415.10,32.18,484.92,0.00,6.89,-51.02,24.86,-21.45,25.80
SRG Housing,332.20,19.89,474.77,0.00,6.60,25.48,36.06,19.32,13.52
Muthoot Cap.Serv,348.10,11.81,572.54,0.00,15.97,-52.51,108.65,10.71,12.29
Quest Capital,461.10,22.51,461.10,0.54,1.06,16.48,1.54,10.79,3.14
Bombay Oxygen,30594.00,6.42,458.91,0.08,18.45,55.56,23.97,70.36,17.66
Alacrity Sec.,180.70,33.20,436.57,0.00,9.27,42.00,325.61,160.63,49.03
Mangalam Industr,3.56,515.27,386.45,0.00,0.41,169.49,0.91,40.00,0.91
Emerald Finance,96.67,50.60,308.14,0.10,2.06,116.84,5.00,54.32,12.58
Apollo Finvest,814.60,37.86,304.00,0.00,2.41,22.96,7.08,83.90,16.05
Star Housing Fin,37.75,26.29,298.09,0.20,3.06,47.83,21.91,60.28,11.11
Paul Merchants,927.85,5.12,286.15,0.00,16.10,9.08,1037.80,-43.57,12.33
Mangal Credit,144.20,22.71,282.11,0.42,3.22,22.43,11.66,53.42,10.35
Capital Trade Lk,43.82,28.76,282.11,0.00,0.12,-90.91,5.55,-37.92,15.62
Sera Investments,41.48,16.17,269.62,0.24,2.19,-59.89,2.86,104.29,28.60
Starteck Fin.,269.70,23.24,267.28,0.09,3.59,-51.62,8.43,-31.63,7.90
Regis Industries,150.95,,259.75,0.00,0.05,105.75,4.06,-27.50,-4.04
Usha Financial,119.35,19.45,259.44,0.00,5.04,,26.51,,15.36
Delphi World,284.00,30.07,316.03,0.00,0.17,-95.64,13.34,-37.13,11.48
ARC Finance,2.80,39.64,254.49,0.00,3.38,1590.00,12.37,2477.08,0.69
TruCap Finance,21.10,21.39,246.66,0.05,1.21,-19.87,57.56,35.47,11.73
Jhaveri Credits,273.85,65.80,246.08,0.00,1.40,311.76,5.59,2330.43,5.32
Aryaman Capital,204.75,25.39,245.23,0.00,5.94,,24.31,25.96,14.32
Maha Rashtra Apx,144.68,0.59,204.72,0.00,-7.97,-667.76,0.48,-34.25,119.79
Guj. State Fin.,22.97,,204.69,0.00,-31.45,3.58,0.34,-64.95,
Capital Trust,115.37,93.00,196.24,0.00,0.23,-54.90,24.90,30.98,8.16
Purple Finance,43.75,,196.09,0.00,-5.57,-121.91,2.70,37.06,-26.52
Smartlink Hold.,196.43,25.45,195.94,0.00,0.67,-19.28,58.57,13.03,5.04
Std. Capital Mkt,1.11,17.93,192.03,0.00,1.75,,8.04,,
Ganges Securitie,191.05,33.59,191.12,0.00,7.22,8.25,15.16,13.73,1.18
Beacon,105.15,36.81,189.95,0.00,424.41,,1325.60,11152.97,42.62
Regency Fincorp,39.27,71.87,188.30,0.00,0.80,90.48,4.01,1.26,9.69
Haryana Capfin,340.35,35.11,177.32,0.00,4.51,93.56,6.16,90.12,1.30
Coral India Fin.,51.57,9.11,207.84,0.78,5.66,24.40,6.52,-20.97,14.16
Baid Finserv,14.73,18.10,176.86,0.68,1.96,-23.44,19.65,30.91,11.21
KIFS Financial,161.30,24.04,174.53,0.87,1.51,10.22,8.39,5.93,14.86
Keynote Finan.,246.30,5.62,172.90,0.41,8.71,58.65,11.28,32.39,31.71
Indian Infotech,1.34,83.23,169.78,0.00,4.63,19.64,11.65,92.56,0.92
NCC,280.00,20.61,17579.70,0.79,174.79,110.71,5195.98,10.09,22.10
National Standar,4291.05,517.62,8582.10,0.00,4.80,71.43,3.80,630.77,7.92
Mahindra Life.,472.60,60.98,7328.45,0.56,-14.01,25.99,7.61,-57.18,2.01
Man Infra,172.53,23.81,6421.36,0.94,47.25,-31.60,230.32,6.98,29.39
Arkade,132.63,20.05,2462.46,0.00,43.36,-9.38,201.65,-4.41,45.21
PSP Projects,617.75,26.28,2448.87,0.00,11.15,-71.71,578.09,-4.79,19.08
Elpro Internatio,107.85,14.33,1827.83,0.65,32.22,76.74,207.42,488.09,7.85
B.L.Kashyap,72.40,29.24,1632.19,0.00,9.38,-21.77,267.28,-18.17,14.29
JP Associates,6.60,,1620.03,0.00,-297.83,2.67,1373.67,-27.53,3.15
Vascon Engineers,52.65,22.53,1178.50,0.47,10.31,-59.85,199.80,25.49,8.27
NIIT,182.90,53.19,2477.41,0.68,12.14,21.63,90.71,11.42,4.64
BEML Land Assets,224.71,,935.79,0.00,-0.77,-37.50,0.00,,-47.06
RDB Realty,468.65,41.17,809.83,0.00,12.00,49.29,60.86,-9.52,5.29
Parsvnath Devl.,17.88,,778.10,0.00,-128.03,-70.31,47.05,-58.53,-5.25
Garuda Cons,82.94,21.18,771.69,0.00,10.25,99.42,46.75,121.98,49.19
RBM Infracon,737.30,39.52,744.89,0.00,6.61,389.63,64.52,220.04,28.66
Dixon Technolog.,14776.10,157.70,88415.15,0.03,411.70,119.30,11534.08,133.33,29.16
Voltas,1708.60,102.77,56534.97,0.32,132.83,272.59,2619.11,14.23,8.51
Blue Star,1808.45,70.84,37184.41,0.39,96.06,35.93,2275.96,20.40,25.51
Kaynes Tech,5538.15,190.01,35450.12,0.00,62.57,146.24,432.84,48.46,11.22
Crompton Gr. Con,371.05,48.20,23882.63,0.81,128.07,28.47,1896.01,6.38,15.82
Whirlpool India,1802.95,72.79,22874.03,0.28,53.53,42.21,1712.99,12.58,9.07
Amber Enterp.,6119.55,111.24,20669.58,0.00,20.96,440.71,1684.70,81.73,10.18
PG Electroplast,628.75,85.79,16450.27,0.03,19.33,56.27,671.30,45.80,18.72
Genus Power,405.60,84.51,12324.41,0.15,83.08,68.90,486.88,88.01,11.34
TTK Prestige,854.95,55.89,11850.81,0.70,52.25,-11.50,750.06,2.82,14.55
Havells India,1618.85,71.99,101492.46,0.56,267.77,7.50,4539.31,16.38,24.40
Eureka Forbes,594.80,88.25,11502.90,0.00,46.67,74.72,672.87,13.60,3.46
Symphony,1440.95,42.65,9936.36,0.90,56.00,60.00,315.00,14.55,18.84
Bajaj Electrical,782.30,83.75,9018.15,0.38,12.90,-59.28,1118.33,0.50,12.73
Sheela Foam,802.15,89.60,8719.16,0.00,9.32,-78.80,812.72,32.54,7.97
Titan Company,3183.70,87.16,282644.48,0.35,704.00,-23.06,14534.00,16.00,22.70
Kalyan Jewellers,653.90,107.76,67432.28,0.18,130.33,-3.37,6065.48,37.40,14.04
P N Gadgil Jewe.,688.55,60.60,9344.20,0.00,32.39,50.44,2001.53,47.32,30.82
Senco Gold,1078.30,38.37,8380.81,0.19,16.83,40.02,1458.68,27.46,13.82
Rajesh Exports,235.50,182.84,6953.37,0.00,11.86,-96.17,60355.50,-29.56,3.23
PC Jeweller,144.59,439.25,6729.27,0.00,178.88,229.50,504.97,12.42,-1.74
Thangamayil Jew.,1883.55,54.20,5168.30,0.53,-17.44,-307.87,1181.05,18.88,20.29
Sky Gold,3257.10,59.31,4772.96,0.00,36.71,404.95,768.85,94.17,18.70
Vaibhav Global,269.55,34.76,4477.61,2.23,27.77,-4.34,796.43,12.97,14.05
Goldiam Intl.,312.50,35.38,3337.35,0.38,22.13,-5.35,136.98,2.67,19.79
CRISIL,5190.60,56.70,37958.68,1.04,171.55,12.87,811.84,10.32,41.36
Motisons Jewel,26.85,69.74,2643.28,0.00,10.40,78.39,109.34,21.30,16.65
Renaiss. Global,176.77,11.02,1699.80,0.00,11.24,771.05,411.60,-6.87,8.25
T B Z,228.40,24.17,1524.13,0.77,11.97,32.85,567.05,17.99,10.88
Asian Star Co.,784.15,17.16,1255.42,0.19,18.99,10.75,654.00,-29.03,6.17
Radhika Jeweltec,102.22,23.74,1206.20,0.20,10.58,23.45,131.48,23.35,24.58
DCM Shriram,1302.25,38.94,20307.59,0.51,62.92,95.16,2957.33,9.21,8.99
Swan Energy,510.95,48.25,16016.08,0.02,67.13,-39.37,1032.19,-15.62,8.25
Nava,897.30,12.21,13019.88,0.45,331.97,68.70,900.48,-2.33,16.27
Quess Corp,637.15,26.04,9469.69,1.57,93.63,28.04,5179.36,9.08,11.74
Balmer Lawrie,215.82,14.03,3690.61,3.94,61.10,-2.30,638.91,9.10,15.62
TTK Healthcare,1419.60,31.00,2005.94,0.70,17.20,7.43,198.49,6.85,8.67
Andrew Yule & Co,38.03,,1859.48,0.00,14.83,384.25,89.42,1.63,-12.30
BCL Industries,52.78,14.98,1557.87,0.47,29.86,53.95,721.28,50.04,16.26
Empire Inds.,1003.20,14.22,601.92,2.49,9.81,21.71,163.41,6.44,15.42
Marico,592.25,48.29,76683.81,1.60,433.00,19.83,2664.00,7.59,43.08
3M India,32466.10,64.64,36589.29,0.49,133.78,-8.44,1110.80,6.86,33.04
Patanjali Foods,1843.80,67.10,66744.61,0.43,308.97,21.38,8154.19,4.25,11.14
Adani Wilmar,331.05,40.86,43025.86,0.00,325.73,954.26,13994.39,19.41,10.41
Gokul Agro,318.40,23.23,4697.78,0.00,71.48,111.54,4812.49,16.84,23.37
CIAN Agro,311.00,207.72,870.36,0.00,-0.03,-105.88,125.01,452.41,11.00
Kriti Nutrients,117.10,12.54,586.71,0.26,9.56,-1.95,173.55,30.04,34.28
Gokul Refoils,57.86,49.55,572.79,0.00,5.14,-60.43,855.97,-7.71,7.42
Modi Naturals,423.00,33.96,553.91,0.00,7.58,897.37,146.56,59.55,2.56
Shri Venkatesh,160.00,23.33,353.91,0.62,3.60,4.35,165.27,8.13,16.62
Ajanta Soya,39.95,18.84,321.53,0.00,7.92,571.19,303.89,11.84,5.68
KN Agri Resource,266.00,19.95,664.97,0.00,14.35,,754.06,18.39,14.09
M K Proteins,8.17,24.48,306.68,0.00,1.74,324.39,33.69,146.99,18.73
Vijay Solvex,937.70,38.35,300.30,0.00,6.13,3305.56,431.82,-9.24,1.42
Ramdevbaba Sol.,120.90,17.18,267.50,0.00,8.06,,401.72,36.30,16.59
Raj Oil Mills,48.61,99.81,145.72,0.00,1.08,285.71,30.49,-3.02,10.43
PVR Inox,1461.55,,14352.42,0.00,-12.10,-107.10,1622.10,-18.89,4.69
Tips Music,924.50,77.68,11818.03,0.65,48.16,21.46,80.61,32.43,103.80
Zee Entertainmen,115.54,25.94,11097.84,0.87,209.40,13.77,2000.70,-17.93,6.26
Saregama India,488.40,50.18,9426.58,0.82,44.95,-6.44,241.83,40.31,19.60
TV18 Broadcast,45.27,,7760.91,0.00,-120.03,-212.99,3069.32,-3.36,0.12
Wonderla Holiday,829.95,34.04,4695.30,0.30,14.72,8.88,67.38,-10.35,19.76
Sri Adhik. Bros.,1617.45,,4103.96,0.00,-0.09,98.34,1.27,,
Prime Focus,130.50,,3913.79,0.00,50.41,115.13,897.04,-12.59,-0.72
Imagica. Enter.,70.61,48.26,3829.32,0.00,-6.59,46.78,39.97,11.52,3.04
Media Matrix,19.00,362.94,2152.21,0.00,2.05,28.45,1125.60,76.89,5.57
Sun TV Network,730.75,15.67,28797.73,2.29,409.32,-11.93,934.54,-10.86,26.20
Dish TV India,11.29,,2078.81,0.00,-37.38,-790.94,395.62,-17.43,
Den Networks,43.50,9.47,2075.92,0.00,51.65,13.27,249.08,-9.95,7.30
Panorama Studios,238.05,46.27,1633.35,0.08,2.40,3.90,35.59,-49.91,47.37
GTPL Hathway,142.61,25.09,1603.84,2.80,13.74,-62.65,855.56,9.80,12.02
Coromandel Inter,1715.95,37.25,50540.14,0.35,659.10,-12.65,7432.83,6.36,25.98
Chambal Fert.,469.85,12.22,18824.65,1.60,536.36,40.79,4346.18,-19.30,20.21
R C F,155.94,46.47,8603.05,0.80,78.96,54.73,4289.56,3.23,6.16
Paradeep Phosph.,104.27,23.40,8500.20,0.48,227.46,154.34,3843.84,4.37,6.74
G S F C,194.40,14.67,7746.40,2.06,298.23,-3.46,2635.17,-15.50,5.77
Natl.Fertilizer,108.98,14.77,5346.34,0.25,12.07,113.86,4390.36,-22.43,6.70
M B Agro Prod.,210.06,65.72,1840.69,0.24,13.84,-7.30,278.31,-0.05,12.15
Mangalore Chem.,141.65,15.53,1678.84,1.06,26.38,-61.04,776.39,-44.95,16.90
S P I C,73.58,9.67,1498.38,2.04,35.17,-33.17,759.58,2.14,17.80
Madras Fertilize,92.67,11.57,1492.91,0.00,1.58,-52.84,532.42,38.20,10.31
F A C T,818.70,500.24,52975.78,0.12,11.18,-90.37,1448.63,-12.90,16.94
Krishana Phosch.,210.18,29.99,1272.69,0.24,16.74,-13.26,300.56,13.46,15.02
Zuari Agro Chem.,216.25,5.08,909.50,0.00,93.42,128.82,1123.32,-31.88,8.50
Khaitan Chemical,66.30,,643.04,0.00,-3.07,-2890.91,230.65,19.31,-7.57
Nagarjuna Fert.,9.61,0.28,574.74,0.00,-14.95,88.41,0.93,-99.93,-242.25
Bajaj Finserv,1639.80,30.80,261820.65,0.06,4180.15,8.19,33703.74,29.52,11.72
Jio Financial,318.35,125.93,202256.80,0.00,689.07,3.13,693.50,14.05,1.55
I R F C,139.66,28.05,182514.75,1.07,1612.65,4.41,6899.66,2.05,5.73
Power Fin.Corpn.,454.70,7.08,150055.63,2.97,7214.90,9.71,25721.79,14.88,9.85
REC Ltd,502.35,8.89,132280.01,3.19,4037.72,6.54,13682.43,17.06,10.05
Bajaj Holdings,10850.10,16.30,120750.76,1.21,1510.43,-3.67,279.07,24.18,13.07
Bajaj Housing,129.65,62.35,107974.42,0.00,545.60,20.95,2410.15,26.09,9.42
Shriram Finance,2822.60,13.54,106132.31,1.59,2153.27,17.99,10089.54,17.93,11.27
Cholaman.Inv.&Fn,1205.70,26.31,101332.13,0.17,967.80,25.22,6255.12,35.32,10.41
HDFC AMC,4278.75,41.33,91401.08,1.64,576.88,31.84,887.21,37.96,37.72
Bajaj Finance,6549.15,26.37,405390.07,0.55,4013.74,12.64,17090.27,27.71,11.93
Muthoot Finance,1775.85,16.15,71293.97,1.35,1251.14,26.25,4117.44,34.57,13.15
SBI Cards,683.35,29.41,65007.38,0.37,404.42,-32.93,4421.04,8.16,12.54
Indian Renewable,189.86,35.33,51029.90,0.00,387.75,36.18,1629.55,38.49,9.30
Aditya Birla Cap,188.92,13.25,49219.58,0.00,1020.68,43.00,10322.01,35.69,9.95
SPS Finquest,147.25,497.60,149.28,0.00,1.53,-70.23,2.68,-6.94,3.08
Ausom Enter.,108.27,12.24,147.46,0.92,1.94,48.09,0.17,-99.74,8.50
Saumya Cons,212.05,4.76,146.46,0.00,13.45,60.12,22.69,28.92,27.25
CNI Research,12.35,,141.78,0.00,-3.16,-2206.67,0.33,-87.11,6.98
MILGREY FIN.&INV,65.06,241.64,140.15,0.00,0.21,2200.00,0.00,,0.26
Acme Resources,54.20,121.33,139.53,0.00,0.90,-38.36,1.67,-22.69,2.12
Credent Global,27.08,,139.36,0.00,-0.30,73.21,3.28,69.07,3.14
WSFX Global,114.75,24.16,138.67,0.87,3.14,28.69,25.90,14.65,12.85
RRPSemiconductor,100.78,38.46,137.30,0.00,1.82,9200.00,5.66,,104.76
Swati Projects,134.35,139.89,135.69,0.00,0.20,233.33,0.30,7.14,6.08
VIRAT LEASING,115.50,,149.92,0.00,-0.48,-860.00,0.24,-17.24,-0.36
Nidhi Granites,169.00,56.57,135.20,0.00,1.10,1733.33,12.10,39.40,9.76
Advik Capital,2.18,71.32,132.66,0.00,-0.24,-101.14,102.37,-34.97,10.11
Teamo Production,1.38,19.59,129.89,0.00,1.50,435.71,145.55,20.94,10.46
Times Guaranty,141.57,65.60,127.27,0.00,0.50,19.05,0.86,7.50,5.30
Kiduja India,454.95,3.18,109.19,0.00,6.08,-23.81,10.38,0.48,62.90
Unifinz Capital,324.65,20.58,107.85,0.00,4.89,608.70,23.74,171.62,10.50
Capfin India,375.95,,107.70,0.00,0.01,-66.67,0.06,-50.00,-23.72
Elixir Capital,185.15,4.31,107.39,0.68,11.30,199.38,18.56,204.76,36.75
Arnold Holdings,44.88,7.19,106.70,0.00,2.94,180.00,51.65,-1.47,14.53
BSEL ALGO,12.81,3.61,105.84,0.00,7.18,-17.57,9.56,-12.93,6.36
Mukesh Babu Fin.,148.15,18.76,103.26,0.81,2.73,-18.99,4.66,-53.86,3.62
Inter Globe Fin,114.00,11.46,102.11,0.00,0.89,81.63,62.50,33.58,13.90
Abhinav Capital,142.85,22.53,98.92,0.00,0.83,-46.45,2.10,-30.69,16.27
Som Datt Finance,98.40,11.02,98.50,0.00,-0.52,-117.33,0.03,-99.17,46.59
Srestha Finvest,0.67,5.29,109.88,0.00,-14.82,-349.09,3.58,70.48,4.18
Sai Capital,334.50,,96.31,0.00,1.63,75.82,0.10,-50.00,-2.08
Dharni Capital,46.00,31.66,93.70,0.00,1.61,,2.92,-39.04,25.02
Real Touch Fin,73.74,26.00,93.60,0.00,1.17,244.12,6.82,33.20,8.59
Optimus Finance,121.95,15.85,91.12,0.00,2.29,52.08,39.69,84.69,16.54
Charter. Capital,265.70,13.11,79.98,0.00,1.33,-8.28,2.53,15.53,4.33
Biogen Pharma,1.22,,79.62,0.00,-1.00,-238.89,-0.65,,0.65
Padam Cotton,205.05,51.24,79.42,0.49,3.24,32300.00,0.00,,-24.63
Fundviser Capit.,152.00,,78.32,0.00,-0.06,-112.00,0.00,-100.00,6.76
Pioneer Invest,62.17,10.60,76.45,0.00,0.28,154.55,8.00,8.99,7.22
Luharuka Media,4.06,140.93,76.10,0.49,-0.30,-236.36,0.50,11.11,5.84
Kalyan Capitals,14.35,13.90,75.36,0.00,1.55,-8.70,6.71,5.34,19.01
Morgan Ventures,73.88,4.26,73.14,0.00,5.50,177.78,12.48,217.56,10.51
AD Manum Finance,97.05,7.35,72.79,0.00,2.61,91.91,3.66,61.95,15.67
Lak. Fin. & Indl,240.95,5.22,72.29,1.41,3.46,65.55,4.81,51.26,24.81
3P Land Hold.,44.59,38.40,80.26,0.00,0.96,20.00,1.74,32.82,2.94
KJMC Financial,150.75,46.55,72.15,0.00,0.74,25.42,2.02,53.03,1.83
TCFC Finance,68.80,6.95,72.10,2.62,1.15,-59.36,1.53,-62.22,15.56
Shrydus Indust.,22.45,23.41,71.87,0.00,2.73,1416.67,3.50,62.79,5.04
Siel Fin. Serv.,63.27,,71.77,0.00,0.00,,0.00,,-400.00
Apoorva Leasing,31.70,49.09,63.32,0.00,0.38,-54.76,0.67,-30.93,1.80
P. H. Capital,202.20,2.87,60.66,0.12,11.28,,30.12,,73.50
Smart Finsec,20.05,38.31,60.15,0.00,0.37,-76.73,0.73,-90.70,21.96
Cont. Securities,22.84,53.06,59.96,0.00,0.37,105.56,0.65,66.67,11.51
Salem Erode Inv.,52.00,,59.62,0.00,-1.30,-6600.00,0.95,-18.10,-0.42
Kreon Finnancial,29.29,,59.23,0.00,0.16,-85.45,5.91,62.81,4.71
Hardcast.& Waud,866.75,30.86,58.94,0.00,-0.55,-179.71,1.13,-16.91,7.00
IndiaNivesh,15.44,17.94,58.29,0.00,1.55,0.65,1.50,0.67,3.83
SMIFS Cap. Mkt.,100.13,17.92,55.92,0.00,0.25,108.33,6.34,117.12,0.58
Viji Finance,3.92,,55.86,0.00,-0.24,-580.00,0.61,45.24,1.71
Pan India Corpor,2.99,160.15,64.06,0.00,-0.09,,0.00,,-0.62
MASK INVESTMENTS,181.22,921.67,55.30,0.00,0.03,,0.35,775.00,0.04
Dhanlaxmi Cotex,109.00,10.27,53.10,0.00,3.32,260.87,7.24,-42.36,5.78
Blue Chip India,9.40,,51.99,0.00,-0.01,50.00,0.00,,-3.52
Galactico Corpo.,3.34,23.15,49.77,0.00,0.56,86.67,5.40,18.94,7.26
Ind Bank Housing,43.80,,43.80,0.00,-0.08,83.33,0.00,,-7.86
Sainik Finance,40.20,19.88,43.74,0.00,1.28,7.56,3.86,-4.93,9.43
Ashirwad Steels,34.99,16.95,43.74,0.00,0.51,2.00,0.28,21.74,4.08
Madhusudan Sec.,41.18,,43.63,0.00,-0.38,-533.33,0.00,,0.14
Visagar Finan.,0.74,,43.21,0.00,3.86,33.10,75.94,17.21,-0.03
Jagsonpal Fin.,78.52,68.56,43.19,0.00,0.11,375.00,0.14,,45.86
Qgo Finance,61.72,13.41,42.91,1.05,0.76,31.03,4.18,21.16,13.98
Nagreeka Cap.,31.81,2.19,40.14,0.00,4.05,90.14,14.78,52.21,32.37
Glance Finance,176.85,13.76,39.90,0.00,0.98,117.78,13.36,205.02,11.04
Gajanan Sec.Serv,127.50,45.99,39.55,0.00,0.00,100.00,0.02,-71.43,0.21
Ashirwad Cap.,4.93,27.05,44.37,0.00,0.40,-6.98,0.41,-6.82,10.75
Hybrid Financial,13.26,10.52,39.03,0.00,1.11,113.46,1.79,61.26,7.93
Lerthai Finance,555.75,40.95,38.90,0.00,0.18,700.00,0.00,,9.94
India Cem. Cap.,17.85,43.54,38.75,0.00,0.17,-70.69,1.45,-22.87,3.50
JMD Ventures,13.38,47.09,38.61,0.00,0.25,-78.81,0.13,0.00,8.34
Jindal Capital,48.64,28.51,35.07,0.00,0.33,-35.29,0.68,-52.45,14.65
Global Cap.Mkt.,0.88,26.16,35.05,0.00,0.98,326.09,2.24,578.79,0.02
Helpage Finlease,34.99,41.44,34.81,0.00,0.26,-36.59,1.74,29.85,6.77
Khoobsurat Ltd,0.74,79.09,34.80,0.00,0.17,466.67,0.31,,1.19
J A Finance,32.60,33.70,34.71,0.00,0.22,-24.14,0.58,-28.40,8.18
S P Capital Fin.,57.24,27.97,34.40,1.75,0.57,338.46,1.55,138.46,3.17
Greencrest Finan,0.92,,33.63,0.00,1.71,-69.02,15.47,15.19,4.27
Stanrose Mafat.,83.87,,33.30,0.00,-0.29,44.23,0.72,125.00,-3.85
Libord Finance,20.68,17.09,32.47,0.00,0.14,-33.33,0.08,-27.27,1.70
Abirami Fin.,59.85,21.26,32.32,4.18,0.14,16.67,0.00,,5.12
JMJ Fintech,27.43,7.05,35.11,0.00,1.67,263.04,3.75,153.38,22.66
Sahara Housing,44.91,31.44,31.44,0.00,0.10,-72.22,2.11,-22.71,5.62
Margo Finance,68.25,53.78,31.19,0.00,0.44,131.58,0.75,70.45,0.39
Inditrade Cap.,13.32,11.23,31.11,0.00,0.21,-55.32,29.17,-34.45,8.87
BAMPSL Sec.,9.13,55.48,31.07,0.00,0.06,400.00,5.00,85.87,1.29
BFL Asset Finves,25.74,2.86,26.26,0.00,3.15,86.39,7.60,-39.20,20.80
SPA CAPT SER,85.07,59.43,26.15,0.00,0.14,40.00,8.82,92.58,1.65
Richfield Fin,68.60,37.84,25.73,1.17,-0.03,-115.79,0.79,97.50,9.69
Easun Capital Ma,48.85,,25.54,0.00,-0.49,-281.48,0.26,-18.75,3.24
Neil Industries,12.97,11.96,25.36,0.00,0.34,-39.29,0.76,-10.59,5.01
Mansi Fin.(Chen),71.69,11.15,25.31,0.00,0.83,31.75,1.91,5.52,8.89
Tradewell Hold,83.03,17.54,24.91,0.00,-0.12,-152.17,1.90,341.86,-12.48
Sita Enterprises,82.59,10.50,24.78,0.00,0.20,-83.33,0.31,-75.97,22.86
Nyssa Corp.,8.24,9.69,24.72,0.00,0.97,506.25,1.40,55.56,10.64
R R Fin. Cons.,22.20,,24.55,0.00,0.37,-26.00,5.80,5.65,2.57
Groarc Industrie,12.94,23.64,26.48,0.00,0.86,8500.00,31.55,536.09,0.77
Karnavati Financ,2.44,,24.52,0.00,-0.86,-245.76,0.28,-76.47,0.00
Paragon Finance,56.48,17.27,24.00,0.00,0.42,82.61,1.06,79.66,3.65
Onelife Capital,17.96,,23.99,0.00,-6.80,-10807.66,1.52,16.92,9.53
Anupam Finserv,2.03,25.51,23.47,0.00,0.13,-40.91,0.98,30.67,8.88
Rita Finance and,20.89,80.35,20.89,0.00,0.07,-69.57,0.23,-34.29,4.21
Sarvottam Finve.,27.55,147.57,20.66,0.00,-0.22,-320.00,0.70,75.00,1.94
Gowra Leasing,68.79,12.90,20.64,0.00,0.57,14.00,0.88,57.14,16.43
Sh. Ganesh Elas.,36.50,10.24,20.08,0.00,0.38,-43.28,7.77,15.62,38.58
Amforge Inds.,13.87,,19.96,0.00,0.12,300.00,0.00,,3.55
Harmony Capital,65.90,,19.77,0.00,-0.16,,0.00,,-6.55
TCI Finance,15.24,,19.61,0.00,-0.21,-2100.00,0.00,-100.00,
Prism Finance,30.04,2.64,19.53,0.00,4.54,99.12,7.56,206.07,35.96
Ramsons Projects,64.38,12.27,19.38,0.00,0.12,300.00,0.23,76.92,14.89
First Custodian,128.00,7.77,19.20,0.78,0.49,53.12,0.79,12.86,15.72
Kartik Invest.,857.85,,20.93,0.00,0.01,0.00,0.02,0.00,-0.24
Sharp Investment,0.79,,19.13,0.00,-0.13,-44.44,0.00,-100.00,0.04
Sujala Trading &,33.19,15.31,18.99,0.00,0.29,136.25,0.38,-7.32,-0.78
Octal Credit Cap,37.63,5.09,18.82,0.00,0.74,17.46,0.09,28.57,25.30
Guj. Lease Fin.,6.90,156.00,18.72,0.00,0.02,300.00,0.00,,1.55
Econo Trade Indi,9.39,6.72,17.53,0.00,0.64,52.38,1.44,-8.86,9.67
Adinath Exim Res,39.91,29.22,17.24,0.00,0.15,0.00,0.28,7.69,4.04
Navigant Corp.,54.69,12.23,17.24,0.00,0.84,,4.10,18.16,17.64
Libord Securitie,34.45,30.77,17.23,0.00,0.10,-28.57,0.00,,11.82
Goenka Business,13.21,7.40,17.17,0.00,0.66,164.00,38.73,32.64,48.09
Avasara Finance,34.32,,17.16,0.00,-0.10,-900.00,0.00,-100.00,9.38
Enbee Trade,11.94,7.47,17.10,0.00,1.54,120.00,4.59,101.32,7.96
Arihant's Secur.,33.16,20.47,16.58,0.00,0.86,-18.87,0.98,-16.95,4.82
ISF,1.71,,16.25,0.00,0.02,0.00,0.45,-22.41,-3.78
Vani Commercials,13.82,67.62,16.23,0.00,-0.20,-600.00,1.39,73.75,4.60
Moongipa Capital,57.46,8.04,17.53,0.00,0.56,-13.85,2.32,-11.45,34.88
Bazel Internatio,83.11,4.01,16.21,0.00,0.65,118.21,0.83,-27.83,1.50
DCM Financial,7.30,,16.15,0.00,-0.07,80.00,0.00,,-4.10
Beryl Securities,33.00,42.11,16.00,0.00,0.13,333.33,0.39,95.00,4.47
Northlink Fiscal,29.58,,15.53,0.00,-0.28,-2900.00,0.07,-22.22,-0.46
Shyamkamal Inv,10.57,,14.27,0.00,-0.19,-290.00,0.27,,-7.05
Jindal Leasefin,45.49,,13.69,0.00,-0.03,57.14,0.02,,-2.25
Mehta Securities,43.83,,13.54,0.00,0.08,-11.11,0.00,,-2.87
J J Finance Corp,48.00,18.55,13.54,0.00,0.35,1650.00,0.58,346.15,5.19
Step Two Corp.,31.65,,13.44,0.00,-2.41,-546.30,0.00,-100.00,-7.93
Vikalp Securitie,44.00,,13.42,0.00,-0.07,,0.00,,0.46
Anjani Finance,13.13,45.93,13.32,0.00,0.12,-60.00,0.09,-64.00,5.09
Svam Software,7.60,321.00,12.84,0.00,0.08,-57.89,0.08,60.00,0.52
Trinity League,16.04,,12.70,0.00,-0.05,93.24,0.01,,-60.09
Seven Hill Inds.,0.97,4.15,12.61,0.00,-0.07,-177.78,0.00,,23.74
Interactive Fin,48.40,5.36,14.58,0.00,0.87,97.73,1.79,72.12,14.98
Siddha Ventures,12.00,3.26,12.00,0.00,2.85,7225.00,3.09,,2.03
Esaar (India),5.71,53.05,11.67,0.00,-0.87,-165.91,4.74,11.27,7.02
V B Industries,8.59,41.70,11.26,0.00,0.44,46.67,0.00,,0.12
Rajath Finance,27.79,,11.12,0.00,-0.43,-2.38,0.08,300.00,-22.66
Decillion Financ,29.31,,10.26,0.00,0.06,-45.45,0.27,17.39,0.15
Classic Leasing,33.99,42.50,10.20,0.00,0.06,500.00,0.09,125.00,12.98
Abhinav Leasing,2.00,,10.00,0.00,0.06,100.00,8.78,25.61,35.57
Ushakiran Fin.,39.06,24.80,9.92,0.00,0.27,285.71,0.25,92.31,1.25
GACM Tech-DVR,0.83,8.68,9.81,0.00,,,,,13.32
Hasti Finance,8.76,,9.50,0.00,0.00,-100.00,0.11,0.00,-2.62
Minolta Finance,9.45,135.00,9.45,0.00,0.01,0.00,0.23,35.29,0.59
Kumbhat Fin.,19.60,,9.31,0.00,0.08,-20.00,0.15,66.67,-48.73
R R Securities,30.85,62.07,9.31,0.00,0.05,400.00,0.00,,2.13
Krishna Capital,29.15,102.33,9.21,0.00,-0.05,-600.00,0.09,0.00,2.89
Panafic Industri,1.26,49.29,10.35,0.00,0.01,-93.33,0.15,-34.78,0.30
Amarnath Sec.,29.94,40.82,8.98,0.00,0.05,0.00,0.10,0.00,5.87
SHRI NIWAS L& F.,22.26,46.84,8.90,0.00,0.10,600.00,0.16,,-9.26
Kuber Udyog,25.74,80.36,8.84,0.00,0.00,-100.00,0.11,-15.38,4.87
Polytex India,6.47,,8.73,0.00,-0.03,0.00,0.00,,-5.73
Goyal Associates,1.62,11.18,7.60,0.00,0.11,-45.00,0.44,-52.69,22.57
Mahan Industries,2.10,108.00,7.56,0.00,0.01,-50.00,0.38,46.15,-0.31
Savani Financial,18.62,,7.45,0.00,-1.26,-260.00,0.73,2333.33,-87.53
Brijlaxmi Leas.,11.46,,7.41,0.00,-0.63,-550.00,0.50,-23.08,10.88
Thirani Projects,3.64,,7.36,0.00,0.06,-50.00,0.20,-4.76,-41.16
Aravali Sec,4.72,,7.15,0.00,-0.02,77.78,0.00,,-3.53
Amerise BioScie,1.03,,6.81,0.00,-0.03,25.00,0.00,,-2.73
Ontic Finserve,0.74,,6.66,0.00,1.04,,1.40,,-86.61
Voltaire Leasing,16.01,14.67,6.60,0.00,0.22,150.00,0.37,85.00,-0.97
CitiPort Fin.,21.13,163.75,6.55,0.00,0.01,0.00,0.09,28.57,3.55
Integra Capital,16.31,7.30,7.67,0.00,0.23,27.78,0.35,59.09,22.51
Sungold Capital,3.49,160.50,6.42,0.00,0.03,50.00,0.56,-9.68,2.66
Kinetic Trust,19.03,71.00,6.39,0.00,-0.04,-33.33,0.00,,2.58
Futuristic Sec.,31.21,121.80,6.09,0.00,0.02,300.00,0.02,0.00,-6.36
Cindrella Fin.,14.30,24.79,5.95,0.00,0.08,-61.90,0.05,150.00,3.83
Manipal Fin. Cor,6.19,,5.19,0.00,-0.02,80.00,0.08,100.00,
Dharani Finance,10.32,16.61,5.15,0.00,0.11,257.14,0.23,-11.54,-3.28
Multipurpose Trd,10.30,28.33,5.10,0.00,0.04,-20.00,0.09,0.00,4.44
Peoples Invest,251.25,,5.03,0.00,-0.01,0.00,0.00,,0.00
Galada Finance,16.50,15.97,4.95,0.00,0.04,-55.56,0.37,32.14,8.76
Ganesh Holdings,122.00,,4.94,0.00,-0.02,0.00,0.02,-33.33,-2.48
Mid East Port.,9.50,95.60,4.78,0.00,0.02,0.00,0.00,,1.88
GCM Commodity,6.18,12.75,4.59,0.00,0.31,,0.00,-100.00,-4.64
KEN Fin.Serv.,15.20,41.45,4.56,0.00,0.04,33.33,0.14,-6.67,3.33
Stellant Secu.,60.00,3.39,4.44,0.00,1.07,2040.00,1.34,1388.89,25.17
Systematix Sec.,10.50,,5.25,0.00,0.00,,0.08,0.00,-0.45
Nikki Glob.Fin.,12.65,,4.33,0.00,-0.02,0.00,0.02,,-7.83
JPT Securities,12.45,,3.75,0.00,0.02,,0.11,0.00,-17.34
Kanungo Financi.,7.81,12.93,3.62,0.00,0.07,16.67,0.00,,6.24
Shivansh Finserv,5.40,25.92,3.37,0.00,0.00,100.00,0.10,,2.30
Hind. Unilever,2389.20,54.62,561364.34,1.76,2595.00,-2.14,15926.00,1.94,27.24
Nestle India,2182.80,66.27,210456.22,0.71,986.36,-7.40,5104.00,1.33,169.08
Varun Beverages,575.65,73.59,187012.88,0.17,628.82,23.66,4804.68,24.14,28.82
Godrej Consumer,1175.10,66.48,120213.65,1.28,491.31,12.18,3666.33,1.79,19.02
Britannia Inds.,4915.60,55.10,118401.22,1.50,531.55,-9.37,4667.57,5.29,48.92
Dabur India,508.10,51.18,90051.14,1.08,417.52,-17.66,3028.59,-5.47,22.28
Colgate-Palmoliv,2708.95,50.16,73679.55,1.77,395.05,16.17,1619.11,10.06,96.80
P & G Hygiene,15704.00,75.38,50976.34,1.24,211.90,0.57,1135.16,-0.28,112.44
Gillette India,9427.15,67.97,30723.08,0.48,133.01,43.50,781.82,17.12,58.91
Emami,642.85,36.34,28060.40,1.24,210.99,18.20,890.59,2.97,31.72
Wardwizard Healt,18.90,,0.46,0.00,-0.69,-885.71,0.22,450.00,-169.57
Hatsun Agro,1085.60,79.44,24181.55,0.55,64.32,-17.08,2072.10,8.75,13.19
Bikaji Foods,786.60,66.13,19695.06,0.13,72.08,17.57,713.25,19.31,29.65
Jyothy Labs,427.00,41.73,15679.81,0.82,105.02,0.97,733.76,0.19,26.99
Zydus Wellness,1960.60,39.73,12475.72,0.26,20.90,166.10,492.90,12.05,5.33
L T Foods,355.20,20.51,12334.42,0.42,150.61,-4.86,2107.79,6.57,21.09
Asahi India Glas,665.65,52.69,16181.95,0.30,94.54,9.46,1157.68,3.41,14.97
Apollo Hospitals,6860.65,83.38,98645.62,0.23,395.70,63.46,5589.30,15.32,15.11
Max Healthcare,1006.25,92.37,97820.79,0.15,281.81,1.85,1707.46,25.26,16.00
Fortis Health.,639.10,70.14,48249.38,0.16,193.08,26.85,1988.39,12.34,10.34
Syngene Intl.,861.60,75.24,34682.59,0.15,106.10,-13.19,891.00,-2.10,14.74
Global Health,1071.95,58.99,28786.94,0.00,130.81,4.51,956.56,13.34,19.32
Poly Medicure,2701.10,92.79,27359.59,0.11,87.45,40.62,420.02,24.53,23.62
Narayana Hrudaya,1276.45,33.50,26085.63,0.31,198.80,-12.34,1400.01,7.26,26.54
Dr Lal Pathlabs,2956.40,61.56,24709.37,0.81,130.80,18.21,660.20,9.80,25.17
Krishna Institu.,560.10,67.64,22411.78,0.00,120.70,16.71,777.30,19.13,16.87
GAIL (India),188.89,10.77,124197.06,2.91,2689.67,10.13,33888.90,2.74,14.66
Aster DM Health.,430.40,78.04,21499.04,0.46,105.76,83.10,1086.44,16.89,4.48
Rainbow Child.,1649.75,72.37,16753.49,0.18,79.01,25.37,417.46,25.48,19.08
Indegene,660.95,42.59,15814.48,0.00,91.70,22.27,686.80,8.04,29.02
Vijaya Diagnost.,1038.20,79.46,10654.99,0.10,42.13,25.87,182.95,31.75,19.51
Metropolis Healt,2032.20,70.38,10418.55,0.20,46.70,31.23,349.79,13.38,15.79
Jupiter Life Lin,1480.40,55.53,9706.39,0.07,50.30,37.02,273.10,20.27,22.16
EIH,357.65,33.18,22366.15,0.34,132.70,41.08,588.99,11.01,23.62
Chalet Hotels,844.15,244.92,18423.23,0.00,-138.51,-480.15,377.05,19.87,10.06
Lemon Tree Hotel,121.76,63.53,9646.39,0.00,35.04,30.86,284.37,25.16,11.36
Juniper Hotels,327.20,213.25,7280.28,0.00,-27.82,-77.76,214.52,27.34,6.80
Mahindra Holiday,355.60,65.14,7182.21,0.00,11.48,-46.20,670.75,2.36,9.24
I T D C,591.55,72.11,5073.69,0.43,23.81,24.22,153.66,17.27,31.40
Samhi Hotels,180.37,147.11,3969.09,0.00,12.62,114.34,265.54,20.72,6.83
Apeejay Surrend.,145.99,44.07,3115.05,0.00,26.76,80.50,141.57,4.93,12.55
Oriental Hotels,172.53,72.93,3081.37,0.29,5.71,30.66,103.30,13.48,10.69
EIH Assoc.Hotels,376.10,27.34,2291.81,1.60,2.08,705.43,70.84,20.52,25.10
Indian Hotels Co,741.35,73.71,105526.15,0.24,582.71,87.82,1826.12,27.42,15.11
TajGVK Hotels,310.90,23.65,1949.39,0.48,19.65,76.55,105.17,17.61,18.81
Praveg,694.00,150.61,1792.30,0.14,1.40,-33.33,31.44,124.09,9.37
HLV,17.00,49.42,1120.74,0.00,3.49,-41.58,43.37,4.83,5.66
Benares Hotels,8017.65,28.54,1042.29,0.31,7.20,5.26,24.47,-5.52,40.56
Rail Vikas,419.50,68.35,87466.59,0.50,302.51,-18.26,4869.22,-0.83,18.70
IRB Infra.Devl.,47.76,46.81,28842.26,0.63,99.87,4.30,1585.84,-9.12,8.96
K E C Intl.,1005.85,63.51,26775.73,0.40,85.41,52.98,5113.31,13.65,16.05
NBCC,90.00,43.81,24300.00,0.47,125.14,-0.35,2458.73,19.44,31.99
Kalpataru Proj.,1199.00,37.79,19477.29,0.67,125.56,41.25,4929.93,9.11,15.99
Ircon Intl.,191.78,19.58,18037.21,1.62,205.92,-17.87,2447.52,-18.06,18.15
Afcons Infrastr.,474.75,38.12,17460.58,0.00,91.59,0.69,3154.36,-0.54,23.13
Techno Elec.Engg,1444.90,53.03,16804.13,0.48,94.21,27.69,441.42,-4.51,16.53
G R Infraproject,1569.90,16.50,15184.30,0.00,193.57,-16.22,1394.33,-25.94,16.89
ACME Solar Hold.,228.85,112.61,13847.43,0.00,1.39,-98.20,309.64,-16.12,8.41
Larsen & Toubro,3526.25,36.01,484857.58,0.79,4098.84,5.36,61554.58,20.64,13.44
Sterling & Wils.,490.65,,11456.06,0.00,8.57,113.00,1030.49,35.68,3.77
Va Tech Wabag,1673.60,40.02,10408.19,0.00,70.30,16.97,700.30,5.31,19.75
Reliance Infra.,258.80,,10251.88,0.00,4194.63,389.06,7258.49,1.48,7.38
Engineers India,180.36,27.39,10137.00,1.66,99.63,-21.83,688.94,-12.77,22.21
Bharat Global,1152.80,737.88,11673.21,0.00,10.11,,216.35,,8.55
Control Print,681.45,21.46,1089.93,1.32,13.48,-4.53,101.79,17.77,23.60
AGS Transact,82.37,110.37,1014.30,0.00,15.17,124.91,351.69,-6.60,1.26
TVS Elec.,353.75,,659.76,0.28,-1.32,-217.86,104.61,13.47,0.73
Esconet,454.70,126.29,562.01,0.00,2.20,,104.60,46.75,32.36
HCL Infosystems,16.47,,542.21,0.00,-7.84,-10.11,6.79,13.36,-28.03
TCS,4145.90,31.15,1500022.90,1.33,11955.00,5.00,64259.00,7.65,64.28
Infosys,1864.55,28.73,774190.86,2.04,6516.00,4.73,40986.00,5.11,39.99
HCL Technologies,1858.95,29.98,504456.77,2.80,4237.00,10.52,28862.00,8.21,29.60
Wipro,566.70,25.25,296475.98,0.18,3226.60,21.26,22301.60,-0.95,16.93
Netweb Technol.,2670.85,155.48,15054.73,0.07,25.72,69.88,251.06,73.17,38.43
LTIMindtree,5994.65,38.15,177551.89,1.08,1251.60,7.68,9432.90,5.92,31.17
Tech Mahindra,1687.50,50.45,165111.40,2.37,1257.50,153.11,13313.20,3.49,11.88
Oracle Fin.Serv.,11768.55,40.94,102146.70,2.04,577.70,38.39,1673.90,15.88,39.54
Persistent Sys,5713.80,72.23,89049.57,0.46,325.00,23.45,2897.15,20.13,29.17
L&T Technology,5170.00,43.57,54720.03,0.97,293.00,-4.99,2324.80,8.83,33.40
Coforge,8074.00,68.34,53872.61,0.94,233.60,11.71,3062.30,34.54,28.60
PB Fintech.,1724.50,453.90,78656.16,0.00,50.98,350.35,1167.23,43.81,1.75
Mphasis,2839.30,33.69,53726.54,1.94,423.33,8.01,3536.15,7.92,23.95
Tata Elxsi,6374.55,48.60,39701.96,1.10,229.43,14.70,955.09,8.32,42.74
Tata Technolog.,962.30,60.35,39037.48,0.87,157.41,-1.85,1296.45,2.15,28.29
KPIT Technologi.,1356.95,51.24,37199.94,0.49,203.75,45.30,1471.41,22.70,38.36
Relaxo Footwear,678.00,93.22,16878.04,0.44,36.73,-16.88,679.37,-5.03,13.86
Bata India,1307.35,48.33,16803.05,0.92,51.98,-11.42,837.14,2.20,18.66
Campus Activewe.,274.60,86.17,8386.24,0.00,14.30,4368.75,333.29,28.85,16.71
Mayur Uniquoters,596.60,19.09,2622.21,0.50,41.43,46.03,216.36,19.15,18.75
Bhartiya Intl.,723.05,2153.17,882.80,0.00,7.67,37.46,295.91,29.98,6.61
Liberty Shoes,482.60,51.59,822.35,0.00,0.92,-4.83,171.80,0.01,9.45
Khadim India,369.40,116.45,678.90,0.00,2.33,30.17,160.58,2.22,7.82
Mirza Internatio,38.94,44.37,538.16,0.00,5.90,47.13,201.39,-3.50,4.87
Lehar Footwears,218.25,65.40,385.84,0.23,1.27,-37.13,37.65,-32.27,9.23
Container Corpn.,785.65,36.93,47869.21,1.46,366.26,6.28,2287.75,4.23,13.93
Metro Brands,1128.95,74.11,30701.69,0.44,71.77,4.29,585.45,5.35,19.66
Delhivery,330.55,778.47,24490.51,0.00,10.20,109.91,2189.73,12.77,-1.73
Blue Dart Expres,7657.60,64.23,18171.48,0.33,62.84,-13.99,1448.46,9.36,19.22
Transport Corp.,1165.90,23.83,9079.59,0.81,107.30,22.30,1120.80,12.81,19.92
TVS Supply,179.92,266.94,7928.02,0.00,10.61,132.26,2512.88,11.05,4.74
Zinka Logistics,,,4817.81,,28.67,120.41,92.17,54.99,-30.95
VRL Logistics,515.35,53.38,4507.69,0.97,35.82,83.04,799.48,12.71,10.70
Gateway Distri,84.10,18.41,4202.00,2.38,70.43,-4.85,383.71,-1.43,12.48
Sindhu Trade,22.24,19.14,3429.25,0.00,116.54,131.87,369.55,-6.90,6.12
TCI Express,847.70,28.74,3253.47,0.94,26.32,-26.03,311.48,-2.66,26.51
Allcargo Logist.,54.03,153.84,5309.97,2.04,37.74,47.16,4301.09,30.07,3.32
Mahindra Logis.,391.75,,2822.57,0.64,-9.61,38.44,1521.10,11.46,3.03
Navkar Corporat.,127.02,,1911.89,0.00,-2.30,-161.14,133.12,40.75,1.51
Rel. Indl. Infra,1025.05,148.54,1547.83,0.34,2.43,-2.02,12.24,-14.76,3.86
Western Carriers,119.10,15.12,1214.29,0.00,18.96,3.61,431.43,1.31,21.90
D B Corp,293.45,11.70,5228.48,4.43,82.57,-17.64,558.95,-4.62,25.12
Jagran Prakashan,85.60,11.49,1863.12,5.84,41.65,0.31,446.51,-2.66,9.13
Sandesh,1631.70,5.66,1235.20,0.31,38.09,46.28,69.95,-2.85,20.87
T.V. Today Netw.,189.13,10.90,1128.51,4.49,8.27,17.81,206.77,-3.32,9.68
Coal India,409.75,7.02,252517.79,6.22,6274.80,-22.04,30672.88,-6.42,63.59
Vedanta,433.40,16.38,169476.22,8.08,5603.00,522.41,37634.00,-3.37,20.91
NMDC,218.80,10.22,64121.66,3.31,1205.30,17.47,4918.91,22.54,30.91
Lloyds Metals,924.25,32.93,48320.87,0.11,301.44,30.35,1364.43,25.03,78.27
KIOCL,363.25,,22076.56,0.00,-69.21,-223.56,16.14,-96.26,-2.18
G M D C,330.65,16.54,10514.67,2.89,127.86,71.44,593.01,54.94,13.78
Netwrk.18 Media,84.82,,8880.22,0.00,-152.31,-15.36,1825.18,-2.16,-0.28
Sandur Manganese,444.30,20.55,7199.21,0.23,32.12,21.90,260.25,40.82,15.16
MOIL,296.75,17.37,6038.42,2.04,49.96,-18.79,291.89,-16.01,16.11
Orissa Minerals,7467.65,286.30,4480.59,0.00,-2.08,86.05,13.87,307.94,14.93
Ashapura Minech.,253.82,16.19,2424.64,0.00,42.63,-13.76,604.10,9.03,17.26
Owais Metal,1203.75,65.53,2188.71,0.00,24.72,,105.13,248.11,52.14
Dec.Gold Mines,122.15,,1880.55,0.00,-68.21,-1359.64,3.65,5983.33,-8.77
20 Microns,228.35,13.57,805.77,0.55,16.45,-4.25,240.18,20.27,21.70
Vishnusurya,271.95,25.09,669.26,0.37,21.82,,139.13,37.41,34.46
Asi Industries,42.02,14.07,378.49,0.83,0.50,130.49,23.31,30.30,10.14
SJVN,103.77,44.09,40779.48,1.73,439.90,0.06,1026.25,16.84,4.99
Godrej Agrovet,730.10,38.19,14037.01,1.37,95.79,-7.83,2448.75,-4.75,13.71
Sagility India,28.51,58.62,13346.47,0.00,22.29,-47.55,1223.33,9.61,4.71
Rites,272.90,32.93,13115.68,4.21,82.50,-27.85,540.86,-7.13,25.36
Thomas Cook (I),197.46,33.56,9298.27,0.20,71.96,37.83,2003.76,8.70,19.07
RattanIndia Ent,61.50,11.87,8500.96,0.00,-241.59,-227.06,1800.62,11.52,2.89
CMS Info Systems,481.65,21.82,7859.72,1.19,90.92,7.78,624.54,14.86,26.95
Equinox India,117.96,,7507.81,0.00,24.27,231.98,245.97,155.26,-10.94
Guj. Ambuja Exp,121.47,16.47,5571.47,0.29,69.53,-16.22,1124.64,0.80,16.51
SIS,383.25,34.90,5524.87,0.00,68.81,-8.59,3268.81,6.35,10.34
GMR Airports Inf,76.81,,81103.49,0.00,-428.77,-318.52,2495.46,20.93,6.41
Inox Green,150.34,187.34,5476.26,0.00,6.06,79.88,55.18,16.44,3.67
AWFIS Space,714.05,399.80,5013.48,0.00,38.67,437.01,292.38,40.47,9.18
Rain Industries,148.99,,5011.28,0.67,-154.94,-135.65,3934.28,-5.43,1.90
Team Lease Serv.,2732.95,46.22,4582.86,0.00,24.85,-9.86,2796.83,23.07,13.06
Hindalco Inds.,627.35,10.80,140979.13,0.56,3909.00,96.22,58203.00,7.45,11.29
Natl. Aluminium,219.87,14.16,40382.02,2.27,1062.18,414.97,4001.48,31.48,16.95
Hindustan Copper,262.70,63.13,25403.72,0.35,101.68,67.21,518.19,35.87,17.99
Gravita India,2098.20,53.95,14485.54,0.25,71.92,24.30,927.42,10.91,27.86
Shivalik Bimetal,600.25,43.01,3457.69,0.28,19.94,-1.97,126.65,-0.87,32.84
Prec. Wires (I),171.95,37.71,3072.02,0.61,19.27,17.86,1043.79,25.84,25.35
Ram Ratna Wires,592.10,43.61,2605.24,0.42,16.80,22.27,939.80,24.14,17.37
Pondy Oxides,864.50,39.69,2252.05,0.29,17.39,112.85,572.43,45.73,16.50
MMP Industries,330.45,23.25,839.43,0.45,5.83,24.84,144.83,14.88,13.45
Maan Aluminium,146.95,30.58,794.78,0.00,3.39,-66.60,176.78,-14.75,24.94
Hindustan Zinc,495.35,23.79,209301.18,5.85,2298.00,35.80,8242.00,21.35,46.25
NILE,2116.90,17.40,635.07,0.19,9.27,12.77,251.57,0.34,19.47
Arfin India,35.01,60.52,590.70,0.00,2.58,48.28,149.11,11.09,13.59
POCL Enterprises,180.65,18.21,503.65,0.28,9.62,190.63,372.93,9.97,24.18
Shera Energy,205.05,36.30,467.28,0.00,9.67,48.69,601.37,56.67,20.07
Inox India,1176.90,54.84,10681.96,0.00,49.49,7.01,306.56,18.98,43.06
Garware Hi Tech,4275.80,32.43,9933.71,0.23,104.26,127.10,620.58,56.27,13.96
EPL Ltd,266.70,29.37,8496.86,1.67,88.30,72.28,1086.20,8.45,15.09
AGI Greenpac,923.15,22.37,5972.54,0.65,72.08,28.39,599.18,-2.55,17.73
Uflex,558.80,26.35,4035.09,0.18,-64.58,-108.72,3833.38,13.77,6.50
Polyplex Corpn,1194.55,24.30,3749.99,0.75,164.11,214.39,1738.86,10.61,1.81
TCPL Packaging,3178.85,24.58,2892.75,0.69,35.81,24.47,438.51,12.21,20.07
XPRO India,1095.35,49.99,2428.98,0.18,9.94,4.85,133.98,21.83,16.98
Mold-Tek Pack.,662.75,35.06,2202.25,0.45,14.11,-10.07,191.30,12.26,14.50
Cropster Agro,24.50,130.17,2058.00,0.00,3.11,298.72,47.51,241.55,64.54
Dolphin Offshore,533.45,97.85,2134.04,0.00,12.92,266.01,16.73,716.10,0.97
Cosmo First,777.40,19.73,2040.65,0.39,45.75,112.30,758.92,14.37,6.87
Huhtamaki India,268.60,23.10,2028.52,1.86,11.71,-66.84,652.50,-1.51,12.46
Everest Kanto,165.41,15.77,1856.03,0.42,38.60,46.55,367.28,22.72,11.85
Ester Industries,144.28,,1356.84,0.00,3.02,109.92,331.16,26.70,-4.98
Shree Tirupati,940.00,91.30,952.22,0.00,7.09,,104.39,38.32,17.43
A B Real Estate,2599.45,185.95,29034.73,0.19,2.82,217.42,1127.56,30.67,8.31
JK Paper,397.20,8.64,6728.66,2.14,128.85,-57.50,1682.93,1.99,20.29
West Coast Paper,546.30,7.87,3608.31,1.46,100.57,-53.29,1044.82,-12.48,29.27
Andhra Paper,93.34,9.75,1856.07,2.14,41.72,-58.41,432.28,-10.32,24.66
Seshasayee Paper,290.00,10.05,1828.98,1.72,24.78,-64.14,398.40,9.97,20.24
Pudumjee Paper,128.65,9.65,1221.53,0.47,29.76,68.71,222.47,14.10,26.83
Pakka,296.25,22.58,1167.81,0.00,20.51,60.11,111.09,5.73,21.25
T N Newsprint,163.77,15.38,1133.45,2.44,2.59,-91.45,914.59,-4.55,14.32
Kuantum Papers,127.83,7.74,1115.49,2.35,29.90,-29.89,278.86,-6.48,19.79
Satia Industries,95.40,6.70,954.00,1.15,12.33,-74.28,340.12,-8.90,23.35
Asian Paints,2483.15,50.69,238183.20,1.34,693.66,-31.65,8027.54,-5.32,37.50
Orient Paper,37.04,,785.94,0.67,-19.66,-20.47,208.13,45.61,1.94
Emami Paper,99.96,6.96,604.76,1.60,7.59,-53.72,495.09,13.39,12.20
N R Agarwal Inds,338.45,9.79,576.01,0.59,8.34,-77.94,428.41,25.39,14.11
Genus Paper & Bo,20.77,191.42,534.05,0.00,-0.42,-110.14,211.09,8.82,4.34
B&B Triplewall,218.14,44.97,447.43,0.46,0.11,-97.82,120.51,26.37,10.97
Styrenix Perfor.,2374.20,19.37,4176.22,4.13,70.10,24.25,653.22,9.78,31.40
Savita Oil Tech,487.55,19.23,3368.99,0.82,31.81,-33.12,907.20,2.07,18.71
Sun Pharma.Inds.,1768.20,37.86,424250.41,0.76,3037.33,27.86,13291.39,9.01,17.32
Divi's Lab.,5750.10,83.14,152647.09,0.52,510.00,46.55,2338.00,22.47,16.48
Cipla,1499.75,26.30,121119.13,0.87,1305.01,15.18,7051.02,5.58,22.80
Torrent Pharma.,3102.40,60.33,104994.60,0.90,453.00,17.36,2889.00,8.61,23.16
Mankind Pharma,2597.65,51.92,104073.33,0.00,634.43,34.84,2529.74,11.91,24.57
Dr Reddy's Labs,1226.70,19.17,102353.97,0.65,1341.90,-15.28,8038.20,16.45,26.53
Zydus Lifesci.,957.40,22.52,96336.84,0.31,920.20,13.62,5237.00,19.87,22.34
Lupin,2015.85,35.01,91962.05,0.40,859.48,74.12,5672.73,12.59,15.72
Supreme Petroch.,688.65,31.47,12949.47,1.31,90.34,15.73,1505.56,17.84,22.46
Aurobindo Pharma,1249.00,20.08,73183.73,0.36,816.95,8.65,7796.07,7.99,14.10
Alkem Lab,5524.95,30.39,66059.06,0.72,701.96,4.59,3414.67,-0.74,19.68
Abbott India,27351.20,45.24,58121.30,1.50,358.61,14.59,1632.67,9.27,46.02
Glenmark Pharma.,1533.70,,43279.20,0.16,354.48,297.23,3433.80,7.06,12.34
Glaxosmi. Pharma,2457.15,51.91,41625.60,1.30,252.50,14.55,1010.77,5.62,51.33
Biocon,335.80,27.94,40316.15,0.15,27.10,-85.63,3590.40,3.70,5.96
Ipca Labs.,1536.55,62.57,38982.92,0.26,245.75,43.14,2354.90,15.78,12.77
CCL Products,695.00,33.88,9280.19,0.65,73.95,21.51,738.20,21.50,12.39
Pix Transmission,2157.10,25.69,2940.13,0.32,40.53,95.89,159.06,27.89,22.64
Tinna Rubber,1309.70,41.44,2243.45,0.38,12.13,59.19,117.63,47.61,32.60
GRP,3200.10,69.15,1706.72,0.29,2.51,-46.48,131.65,15.07,15.47
Goodricke Group,300.15,,648.32,0.00,60.27,80.77,315.94,30.85,-14.85
Elgi Rubber Co,119.10,,596.69,0.00,-4.13,-240.00,98.68,-2.61,5.79
Intl. Conveyors,84.87,6.40,537.90,1.30,26.81,17.07,30.77,-28.04,23.80
Harri. Malayalam,269.00,,496.57,0.00,-5.61,-146.05,97.66,1.89,5.39
Indag Rubber,184.10,40.88,483.26,1.63,0.98,,55.57,,
Jay Shree Tea,137.41,,396.84,0.00,30.45,217.39,301.35,30.28,-7.83
Tata Consumer,925.00,66.97,91519.83,0.84,367.21,11.20,4214.45,12.87,10.65
Rubfila Intl.,73.10,17.19,396.70,1.64,6.04,-19.68,134.75,17.50,12.54
Mcleod Russel,29.40,,307.10,0.00,84.54,38.25,452.62,23.71,-7.00
Dhunseri Tea,256.25,,269.25,0.00,25.99,416.95,167.57,17.36,-19.39
Gayatri Rubbers,461.00,119.15,264.52,0.00,1.27,,13.64,26.53,22.42
Astral,1731.15,88.95,46503.36,0.22,108.70,-17.15,1370.40,0.54,23.16
Finolex Inds.,264.55,34.12,16414.72,0.95,51.44,-45.15,828.43,-6.20,10.42
Safari Inds.,2333.45,71.21,11406.32,0.12,29.66,-25.40,457.79,23.72,31.02
Time Technoplast,387.40,24.31,8791.23,0.52,99.79,39.72,1370.52,14.76,15.62
Responsive Ind,259.75,36.79,6925.16,0.04,49.28,21.17,349.52,30.25,15.16
V I P Inds.,466.55,,6625.64,0.43,-33.05,-375.83,544.26,-0.34,8.48
Jai Corp,299.00,80.14,5335.64,0.17,17.11,47.76,135.37,14.84,3.85
Shaily Engineer.,1134.35,71.09,5202.98,0.09,21.92,102.40,192.00,21.85,14.12
Prince Pipes,442.15,37.13,4888.46,0.23,14.71,-74.19,622.07,-5.24,14.71
Jain Irrigation,64.65,104.69,4376.00,0.00,-13.18,-220.12,1191.97,-12.48,5.82
Supreme Inds.,4543.25,52.90,57711.48,0.66,206.60,-15.05,2272.95,-1.55,28.56
SJS Enterprises,1159.15,44.57,3626.85,0.17,27.71,69.38,105.55,21.15,18.83
Kingfa Science,2898.90,26.16,3510.70,0.34,37.26,25.88,418.33,19.24,30.06
Nilkamal Ltd,1873.85,24.18,2795.78,1.07,32.62,30.07,821.76,5.95,11.24
Apollo Pipes,482.95,47.01,1997.15,0.21,3.95,,250.44,,
Power Grid Corpn,312.10,18.48,290271.85,3.60,3793.02,0.31,11277.76,0.09,13.21
Adani Green,1490.30,183.12,236068.36,0.00,515.00,-15.03,3055.00,37.61,9.81
Adani Power,549.10,16.69,211784.52,0.00,3297.52,-49.99,13338.88,2.68,32.25
Tata Power Co.,404.65,34.06,129299.41,0.49,1093.08,14.18,15697.67,-0.26,11.13
JSW Energy,732.00,65.55,127936.65,0.27,876.76,0.36,3237.66,-0.67,8.59
Adani Energy Sol,879.70,71.21,105676.83,0.00,773.39,144.66,6183.70,68.32,9.00
NTPC Green,,263.99,91000.00,,175.30,,1082.29,7.34,7.60
NHPC Ltd,78.38,26.43,78732.98,2.42,1069.28,-41.20,3051.93,4.12,7.67
Torrent Power,1559.00,33.40,74928.16,1.03,495.72,-8.53,7175.81,3.09,14.77
NLC India,232.30,17.55,32211.57,1.29,982.41,-15.94,3657.27,22.83,6.54
NTPC,372.50,16.36,361200.81,2.08,5380.25,14.30,44696.30,-0.64,10.47
CESC,174.96,16.43,23192.18,2.57,373.00,1.44,4700.00,8.00,11.60
Reliance Power,35.93,,14432.98,0.00,2878.15,17.87,1759.81,-13.64,1.43
Inox Wind Energy,10676.50,224.94,12862.59,0.00,84.45,158.74,733.01,97.36,4.16
JP Power Ven.,16.69,6.97,11438.42,0.00,182.66,53.26,1226.41,-9.14,13.97
Vedant Fashions,1321.35,79.67,32097.26,0.64,66.90,37.32,267.95,22.74,30.74
K P R Mill Ltd,919.95,38.87,31445.18,0.54,205.00,1.57,1480.02,-2.05,20.62
Gokaldas Exports,840.00,46.16,6003.18,0.00,28.16,18.77,929.00,85.71,10.76
Pearl Global Ind,1001.65,22.99,4593.51,0.87,55.63,52.01,1201.92,25.12,21.39
Kitex Garments,608.40,41.23,4045.86,0.25,36.73,176.79,215.88,61.15,6.92
Kewal Kir.Cloth.,603.90,23.16,3721.54,0.33,64.47,29.46,253.17,-3.55,31.03
Dollar Industrie,499.60,31.58,2833.54,0.60,26.43,3.44,445.83,8.17,13.86
Rupa & Co,243.75,25.28,1938.41,1.23,18.44,-10.18,297.10,-1.65,10.13
Bella Casa Fashi,502.00,49.71,672.05,0.35,4.61,77.99,106.81,66.42,14.25
Iris Clothings,66.33,46.09,541.06,0.00,3.84,4.92,41.26,28.30,19.80
Page Industries,45377.25,81.47,50595.63,1.21,195.26,29.93,1246.27,10.77,45.02
Ceenik Exports,1241.50,48.08,415.90,1.21,4.28,3192.31,0.00,,11.07
DLF,762.70,52.42,188792.02,0.66,1381.22,122.08,1975.02,46.55,5.74
Macrotech Devel.,1222.15,56.68,121774.70,0.18,423.10,109.46,2625.70,50.07,11.06
Godrej Propert.,2595.30,52.06,72165.46,0.00,333.79,399.69,1093.23,218.73,5.74
Prestige Estates,1547.20,97.85,66642.58,0.12,234.60,-77.41,2304.40,3.04,14.86
Phoenix Mills,1397.95,47.28,49976.74,0.18,292.16,-13.66,917.97,4.91,12.44
Brigade Enterpr.,1095.55,58.48,26756.01,0.18,115.08,2.29,1072.16,-21.54,12.66
Anant Raj,674.90,66.62,23074.21,0.11,105.65,75.67,512.85,54.34,8.56
SignatureGlobal,1302.95,337.66,18307.84,0.00,4.16,120.62,749.29,660.47,1.94
Sobha,1534.05,283.22,15367.72,0.20,26.09,74.52,933.59,25.95,7.12
Raymond,1504.70,23.31,10017.35,0.66,59.01,1.12,1044.74,122.25,30.93
Oberoi Realty,1980.30,31.01,72004.15,0.40,589.44,29.05,1319.89,8.42,15.24
Keystone Realtor,724.75,60.26,9133.10,0.00,65.55,1471.94,533.07,-13.75,6.58
Ganesh Housing,1047.65,17.99,8736.05,1.05,158.48,84.26,237.22,45.22,45.01
Valor Estate,160.31,24.98,8632.14,0.00,-111.23,-113.97,79.05,16.22,22.73
Puravankara,343.40,117.68,8143.39,1.83,-17.06,-49.82,495.54,34.54,9.89
Vesuvius India,5395.50,41.86,10952.87,0.24,68.46,13.57,444.16,7.45,26.09
Avenue Super.,3823.85,92.62,248830.56,0.00,659.44,5.79,14444.50,14.42,19.41
Trent,6463.00,168.97,229751.55,0.05,335.06,46.92,4156.67,39.37,23.79
Aditya Bir. Fas.,288.70,,30924.42,0.00,-214.70,-14.91,3643.86,12.94,0.25
Brainbees Solut.,519.05,,26948.25,0.00,-62.86,50.76,1904.92,26.41,-4.00
Redtape,826.35,72.51,11420.31,0.00,25.07,-9.63,415.80,28.05,29.27
Medplus Health,704.25,84.07,8419.11,0.00,38.70,166.16,1576.17,11.90,6.66
V-Mart Retail,3663.70,,7249.34,0.00,-56.51,11.87,660.97,20.30,0.54
Ethos Ltd,2947.20,79.63,7214.88,0.00,21.25,14.31,297.13,26.32,14.91
Shoppers Stop,625.35,344.67,6879.52,0.00,-20.59,-370.45,1114.87,7.29,11.84
Reliance Industr,1267.60,25.26,1715363.12,0.39,19323.00,-4.78,231535.00,-0.15,9.61
Electronics Mart,173.43,36.38,6672.70,0.00,24.55,-34.32,1386.10,5.55,12.74
Entero Healthcar,1381.45,84.09,6008.45,0.00,26.04,360.43,1300.69,30.55,6.71
Aditya Vision,457.45,61.75,5885.69,0.20,12.21,26.79,375.85,20.03,21.75
Cartrade Tech,1183.60,60.27,5598.44,0.00,30.73,100.87,154.21,28.50,4.20
V2 Retail,1151.80,96.44,3984.00,0.00,-2.51,55.81,380.01,64.28,10.85
Landmark Cars,619.95,80.56,2562.31,0.24,0.34,-104.12,907.27,17.72,12.24
GE Shipping Co,1112.10,5.61,15877.14,2.59,575.57,-3.21,1354.40,10.20,18.51
JSW Steel,939.05,44.73,229640.35,0.78,404.00,-76.10,39684.00,-10.99,13.30
Tata Steel,137.98,56.51,172247.71,2.61,758.84,210.32,53904.71,-3.19,7.02
Jindal Steel,877.40,17.69,89502.53,0.23,860.47,-38.00,11213.31,-8.46,13.16
Tube Investments,3440.50,82.92,66545.90,0.10,299.17,-21.66,4924.55,14.37,26.28
Jindal Stain.,694.55,23.36,57191.65,0.43,609.42,-11.23,9776.83,-0.21,22.23
S A I L,111.84,14.63,46195.79,1.79,897.15,-44.34,24675.20,-16.95,8.10
APL Apollo Tubes,1470.50,70.01,40809.99,0.37,53.81,-73.48,4773.91,3.10,25.18
Ratnamani Metals,3519.40,46.59,24668.18,0.40,99.35,-39.38,971.33,-14.13,27.72
Shyam Metalics,812.80,27.14,22687.84,0.55,215.68,-55.29,3634.02,23.58,10.79
Mazagon Dock,3926.10,30.80,79185.51,0.70,585.08,75.76,2756.83,50.84,44.19
Jindal Saw,295.00,10.01,18865.49,0.68,475.31,33.60,5571.92,1.93,21.38
Welspun Corp,678.30,16.19,17795.16,0.74,282.96,-24.16,3301.83,-18.66,20.19
Jai Balaji Inds.,941.25,19.75,17173.86,0.00,153.16,-24.01,1556.57,0.64,63.56
Sarda Energy,428.30,25.23,15092.49,0.23,203.49,38.93,1158.66,15.71,15.28
NMDC Steel,43.86,,12853.64,0.00,-595.37,-354.13,1522.35,448.77,-8.69
Godawari Power,185.45,13.90,12406.14,0.54,159.39,-38.21,1267.57,-1.82,29.19
ICICI Securities,843.65,13.32,27420.52,3.44,529.04,24.88,1706.65,36.64,19.74
Angel One,2695.65,18.47,24309.34,1.29,423.37,39.06,1514.71,44.55,38.70
Nuvama Wealth,6727.60,28.82,24067.34,2.15,257.31,77.50,1051.35,42.99,16.54
Prudent Corp.,2992.75,70.41,12391.98,0.07,51.52,69.36,286.08,50.54,43.29
IIFL Securities,308.00,13.28,9524.19,0.97,205.34,90.52,645.37,27.30,34.56
Share India Sec.,275.15,13.11,6004.31,0.65,124.27,10.19,452.76,23.58,41.80
Monarch Networth,407.80,20.89,3199.64,0.12,43.98,18.68,104.04,33.78,51.84
Geojit Fin. Ser.,114.62,17.01,3198.19,1.31,57.42,54.10,218.46,51.77,18.79
5Paisa Capital,479.40,24.87,1496.74,0.00,21.89,14.97,100.79,4.01,12.89
Wealth First Por,1395.20,28.21,1486.59,0.57,15.20,48.58,19.47,43.58,56.85
Motil.Oswal.Fin.,900.90,15.93,53925.56,0.39,1121.80,110.86,2837.83,71.49,20.69
SMC Global Sec.,135.92,6.59,1423.08,1.77,45.60,14.39,450.83,15.76,17.99
Indo Thai Sec.,1066.00,61.30,1066.00,0.15,4.53,4.38,9.32,9.65,28.22
Arihant Capital,99.36,12.46,1034.46,0.50,19.94,35.83,76.38,36.47,28.97
Adit.Birla Money,155.31,11.76,877.64,0.00,26.69,123.91,125.66,30.39,12.61
Balrampur Chini,539.40,25.19,10882.35,0.56,67.18,-59.59,1297.95,-15.69,13.46
Sh.Renuka Sugar,40.08,,8530.99,0.00,-23.10,89.12,2566.20,0.43,10.15
Triven.Engg.Ind.,377.50,26.64,8263.40,0.93,-22.42,-165.96,1490.95,5.83,14.77
Bannari Amm.Sug.,3436.40,32.99,4309.14,0.36,34.27,-29.79,473.73,-21.06,11.82
Bajaj Hindusthan,30.91,,3948.32,0.00,-75.63,38.76,1159.67,2.33,0.80
Dalmia Bharat,413.60,12.08,3348.09,1.21,66.18,20.55,926.39,26.58,9.84
DCM Shriram Inds,184.72,13.18,1606.92,1.08,22.91,11.16,533.08,-8.16,16.09
Godavari Bioref.,313.05,129.30,1602.06,0.00,-26.11,,522.53,,7.40
Dwarikesh Sugar,61.71,,1143.50,0.00,-24.00,-333.92,246.06,-44.77,13.72
Dhampur Sugar,173.52,15.82,1134.61,0.00,-13.42,-349.91,421.10,-8.31,11.33
EID Parry,781.50,18.87,13876.87,0.51,591.66,-32.42,9330.35,2.99,20.29
Avadh Sugar,562.25,13.00,1125.54,1.78,0.83,-97.13,632.02,-20.75,12.93
Uttam Sug.Mills,291.65,10.33,1112.35,0.86,6.43,-79.24,453.82,-1.35,17.85
Zuari Industries,328.65,19.01,978.76,0.30,-14.77,113.02,237.29,-11.67,3.71
Magadh Sugar,652.55,8.96,919.55,1.53,5.37,-64.39,323.85,11.98,14.56
ITI,291.52,,28011.78,0.00,-70.11,44.99,1016.20,312.30,-8.43
Tejas Networks,1267.75,47.76,21711.56,0.00,275.18,2277.06,2811.26,610.00,3.68
HFCL,126.89,48.74,18306.08,0.16,73.33,5.63,1093.61,-1.61,13.30
GTL Infra.,2.01,,2574.21,0.00,-214.05,-26.26,336.38,-4.10,
NELCO,886.35,96.73,2022.65,0.25,4.10,-27.94,82.55,7.70,23.37
Bharti Airtel,1550.50,65.39,927313.71,0.52,4153.40,119.37,41473.30,11.96,13.13
Bharti Hexacom,1421.80,75.66,71090.00,0.28,253.10,194.62,2097.60,20.66,13.98
Vodafone Idea,7.34,,51159.67,0.00,-7175.90,17.88,10932.20,2.01,-3.61
Tata Comm,1749.90,60.98,49872.15,0.95,227.27,-2.32,5767.35,18.37,17.55
Tata Tele. Mah.,67.61,,13217.28,0.00,-330.39,-6.50,343.50,19.76,47.91
Indus Towers,317.75,11.35,85631.62,0.00,2223.50,71.74,7465.30,4.67,22.08
Railtel Corpn.,372.20,42.39,11945.33,0.77,72.64,8.14,843.49,40.78,20.25
Nazara Technolo.,912.05,83.98,6980.98,0.00,16.24,-1.86,318.94,7.30,5.53
Grasim Inds,2523.95,36.23,169698.35,0.40,1100.16,-65.08,33562.85,11.06,9.30
Trident,31.78,50.25,16195.30,1.13,83.32,-7.78,1712.94,-4.71,10.43
Vardhman Textile,454.10,16.49,13131.43,0.88,197.30,46.57,2502.42,4.38,8.73
Welspun Living,149.61,20.95,14539.23,0.07,202.40,2.18,2873.09,14.51,16.10
Raymond Lifestyl,2111.65,26.20,12864.94,0.00,42.18,-34.70,1708.26,-5.27,
Alok Industries,20.63,,10243.29,0.00,-262.10,-49.92,885.66,-35.46,-4.40
Arvind Ltd,343.10,31.00,8979.97,1.09,62.77,-24.53,2188.31,13.87,13.08
Garware Tech.,3952.05,34.80,7846.07,0.08,65.89,25.77,420.59,28.11,23.07
Ganesha Ecosphe.,2338.50,70.57,5927.39,0.13,27.11,868.21,386.81,38.92,8.03
Go Fashion (I),1090.80,68.72,5891.30,0.00,20.63,2.94,208.53,10.42,15.66
Indo Count Inds.,340.15,21.78,6736.82,0.65,81.54,-28.59,1035.85,2.67,18.30
Jindal Worldwide,280.60,66.51,5626.60,0.07,17.34,35.89,570.81,45.68,9.83
Lux Industries,1851.30,34.97,5567.17,0.11,51.60,42.56,677.45,5.97,10.98
Bombay Dyeing,206.07,,4256.06,0.58,392.88,75.93,380.63,-13.61,0.97
LS Industries,49.43,,4195.71,0.00,-0.50,-177.78,0.01,-90.91,-4.67
Adani Enterp.,2826.80,57.80,326263.81,0.05,1989.19,577.60,22608.07,15.66,9.87
Aegis Logistics,805.05,48.40,28257.26,0.81,152.02,-0.80,1750.42,41.75,14.74
Cello World,806.80,52.75,17821.00,0.19,86.78,2.06,490.06,0.22,36.28
Redington,193.37,12.98,15117.17,3.21,282.88,-6.78,24895.56,12.04,19.46
Honasa Consumer,371.55,159.87,12068.84,0.00,-14.92,-139.53,417.48,-9.28,17.10
MMTC,75.35,53.36,11302.50,0.00,48.05,-58.86,1.56,100.74,9.23
Arvind Fashions.,555.00,86.26,7393.76,0.23,45.03,24.03,1273.18,8.49,13.98
PDS,504.25,46.72,7106.20,0.94,93.17,10.46,3306.29,34.25,17.47
Refex Industries,493.15,53.88,5952.85,0.02,31.06,44.18,527.65,49.81,26.39
Lloyds Enterpris,44.05,51.42,5603.72,0.23,40.46,-23.39,385.49,158.16,6.77
ITC,465.95,28.37,582889.11,2.95,5054.43,1.95,20735.87,16.66,37.47
Optiemus Infra.,631.35,79.90,5420.59,0.00,13.73,154.26,476.58,73.72,15.44
PTC India,166.57,10.14,4930.64,4.68,233.82,11.81,5127.99,1.15,9.64
SG Mart,386.75,71.13,4333.73,0.00,15.95,78.21,1815.53,258.63,
D.P. Abhushan,1643.85,44.72,3716.90,0.00,25.13,88.52,1004.72,83.93,27.12
Fischer Medical,625.55,1818.85,3346.69,0.00,0.29,,39.66,,5.30
Schaeffler India,3424.00,56.39,53518.38,0.76,247.13,5.16,2072.83,12.15,26.72
Timken India,3237.55,61.62,24352.44,0.08,89.95,-3.33,752.89,10.40,23.36
Life Insurance,908.65,13.86,574720.92,1.10,7722.74,-3.83,231132.12,13.84,72.95
LMW,15231.80,81.27,16272.13,0.49,24.46,-78.75,768.99,-41.76,18.08
Tega Inds.,1930.25,75.96,12843.01,0.10,7.22,-84.76,353.30,-6.40,19.20
Azad Engineering,1579.05,133.84,9334.24,0.00,20.88,7.46,111.54,34.65,19.89
The Anup Enginee,3534.35,59.23,7069.57,0.42,32.31,48.76,187.87,34.34,22.58
Skipper,531.15,50.87,5453.33,0.02,33.94,78.82,1109.74,43.68,20.33
Rajoo Engineers,357.25,179.07,4394.50,0.07,7.24,36.86,56.81,6.13,23.70
KRN Heat Exchan,652.20,101.73,4053.85,0.00,12.10,40.53,98.94,38.98,42.09
Balkrishna Inds,2738.70,32.50,52943.78,0.58,346.94,-0.14,2419.74,7.39,17.62
KP Green Engg.,564.55,54.61,2822.75,0.04,27.48,,262.36,152.44,29.85
HMT,69.76,,2480.68,0.00,-27.09,6.13,41.59,14.83,
Thejo Engg.,2003.25,42.32,2172.31,0.15,12.29,-9.36,133.44,-0.44,28.31
Uniparts India,414.95,18.61,1872.83,3.37,21.15,-35.91,241.41,-17.80,18.14
Macpower CNC,1330.55,46.95,1331.10,0.11,8.30,34.74,71.10,12.68,29.74
Emkay Taps & Cut,1244.95,13.83,1328.52,0.00,55.00,,54.76,11.96,19.31
Axtel Industries,478.05,31.02,772.28,1.26,5.90,-50.50,55.84,-19.62,40.73
Affordable Robo.,662.00,800.54,744.50,0.00,-12.29,,43.72,2.13,9.92
Veranda Learning,258.30,,1843.81,0.00,-30.37,-1866.67,138.62,40.92,-0.33
Vantage Knowledg,145.20,806.21,1652.74,0.00,0.86,207.14,1.17,67.14,20.51
Lucent Industrie,570.40,,855.60,0.00,-0.13,-1200.00,0.00,,-0.64
Career Point,467.60,13.71,850.70,0.64,12.94,12.15,26.41,29.21,13.36
Addictive Learn,381.00,92.83,606.16,0.00,2.79,,32.98,100.73,40.13
CL Educate,109.66,55.92,593.24,0.00,3.38,-38.32,98.68,10.83,7.62
Drone Destinatio,200.30,63.13,486.73,0.00,1.02,,13.83,152.37,23.28
Global Education,175.26,12.13,356.84,2.85,10.46,-2.61,23.39,2.36,54.60
Droneacharya Aer,112.25,48.34,269.27,0.00,1.61,,26.90,28.77,11.80
VJTF Eduservices,99.18,17.66,174.56,0.00,10.43,,1.27,,66.33
Shanti Educat.,157.65,517.99,2538.17,0.00,2.70,92.86,6.29,116.15,7.43
Golden Crest,332.25,871.35,174.27,0.00,0.10,,0.11,450.00,0.85
LCC Infotech,11.49,,145.46,0.00,-1.09,-333.33,0.01,-98.08,-1.61
Arihant Academy,210.00,25.95,127.16,0.48,2.45,-34.05,14.75,-5.33,8.96
Winsome Brew.,43.63,119.52,120.72,0.00,0.40,-25.93,0.63,12.50,0.00
Navneet Educat.,135.84,15.61,3072.88,1.91,-4.86,70.80,271.79,2.26,16.24
Flair Writing,261.10,24.68,2751.87,0.00,31.97,-4.14,241.89,-0.99,22.67
Kokuyo Camlin,154.66,71.82,1551.30,0.32,-10.63,-212.13,172.51,-11.46,17.01
Linc,625.45,25.72,930.19,0.80,8.78,13.88,134.64,2.61,23.71
Repro India,528.25,270.70,755.25,0.00,-4.45,-328.21,104.66,-10.45,6.06
S Chand & Compan,196.31,17.46,691.35,1.53,-52.76,-28.17,37.45,-1.50,6.30
Honeywell Auto,42104.85,70.53,37220.69,0.24,115.10,-5.58,1023.90,-7.27,19.85
Syrma SGS Tech.,547.65,91.75,9725.45,0.27,39.65,24.01,832.74,17.00,9.84
Cyient DLM,629.95,74.12,4995.89,0.00,15.55,6.14,389.43,33.44,14.08
Sahasra Electro.,905.75,69.38,2263.72,0.00,,,,,65.05
Doms Industries,2687.30,87.83,16308.48,0.09,53.68,42.54,457.77,19.71,30.67
Centum Electron,1636.10,,2110.05,0.37,-0.31,93.20,259.83,4.68,10.11
Kernex Microsys.,867.50,,1453.88,0.00,6.82,254.65,41.22,2823.40,-21.09
Zomato Ltd,269.66,321.13,238280.80,0.00,176.00,388.89,4799.00,68.50,1.14
Info Edg.(India),7768.20,208.13,100663.54,0.28,84.74,-91.06,700.82,11.98,3.65
One 97,769.10,,48971.11,0.00,930.00,-42.26,1659.50,-34.11,-8.50
FSN E-Commerce,171.05,1142.30,48890.31,0.00,12.97,71.62,1874.74,24.40,6.87
Swiggy,430.70,,96409.93,0.00,-611.01,-6.13,3222.22,34.83,-24.39
TBO Tek,1567.55,78.01,17021.68,0.00,60.09,8.00,450.69,27.92,42.93
Indiamart Inter.,2284.15,31.82,13700.14,0.88,135.10,94.67,347.70,17.98,23.93
Just Dial,1081.35,29.52,9195.83,0.00,154.07,390.04,284.83,9.29,4.81
Le Travenues,144.48,90.92,5609.67,0.00,13.09,513.91,206.47,25.96,6.53
MSTC,582.70,22.59,4102.21,2.66,56.39,-6.85,71.92,-11.35,34.65
Easy Trip Plann.,30.10,30.30,5333.84,0.33,27.80,-45.98,103.30,-14.06,43.36
Yatra Online,110.93,96.81,1740.67,0.00,7.30,142.62,236.40,151.14,3.54
Creative Newtech,899.50,23.41,1269.53,0.06,13.22,26.39,411.42,-4.28,27.01
Vasa Denticity,618.15,56.28,990.04,0.00,8.79,43.97,111.84,47.59,44.98
Macfos,1026.55,55.91,966.68,0.00,6.28,214.00,89.87,232.36,
Hind.Aeronautics,4087.05,32.28,273331.69,0.86,1490.36,20.30,5976.55,6.05,38.88
Bharat Electron,280.95,45.24,205368.24,0.78,1092.78,38.40,4604.90,14.86,34.61
Solar Industries,10008.55,89.61,90567.42,0.08,303.78,42.84,1715.83,27.34,32.47
Bharat Dynamics,989.55,65.53,36273.19,0.53,122.53,-16.70,544.77,-11.54,24.23
Cochin Shipyard,1312.40,38.94,34526.72,0.74,193.07,1.08,1096.98,14.96,21.62
Garden Reach Sh.,1406.40,41.87,16110.59,0.67,97.77,21.09,1152.92,28.40,27.37
Zen Technologies,1766.95,78.73,15953.85,0.06,63.44,359.46,241.84,263.67,46.11
BEML Ltd,3791.20,55.28,15786.56,0.54,51.03,-1.47,859.84,-6.21,15.25
Data Pattern,2166.65,65.52,12129.77,0.30,30.28,-10.39,91.02,-15.96,19.71
Astra Microwave,752.05,54.77,7140.34,0.27,25.39,-15.42,229.61,20.77,18.77
Embassy Off.REIT,380.07,16.21,36026.60,3.00,1530.36,606.31,1025.81,10.76,5.41
Mishra Dhatu Nig,320.30,68.55,6000.50,0.44,23.55,70.04,262.12,15.22,9.44
MTAR Technologie,1572.25,124.16,4836.18,0.00,18.78,-9.84,190.18,14.07,11.38
Paras Defence,980.60,93.48,3951.20,0.00,12.70,44.98,87.09,42.05,10.32
Century Plyboard,748.65,75.12,16632.98,0.13,39.98,-58.74,1183.62,18.74,18.01
Greenlam Industr,517.20,54.81,6598.12,0.32,34.45,-11.60,680.81,12.78,12.08
Greenply Industr,323.75,39.63,4006.31,0.15,17.57,-6.44,640.48,12.82,10.68
Stylam Industrie,2230.15,28.60,3779.67,0.11,34.10,7.44,262.70,12.29,33.70
Rushil Decor,32.12,19.62,868.74,0.31,11.60,9.95,228.63,11.74,11.87
Duroply Indust.,255.95,87.05,252.45,0.00,0.50,-23.08,90.81,9.03,6.08
BSE,4547.80,74.79,61566.46,0.33,345.77,192.01,813.30,124.66,19.97
C D S L,1472.75,57.77,30780.48,0.65,161.96,48.79,322.26,55.45,40.18
Multi Comm. Exc.,5950.65,87.44,30348.32,0.13,153.62,905.56,285.58,72.96,7.15
Cams Services,4581.95,56.51,22581.20,1.01,115.22,41.58,341.90,34.09,49.77
Greenpanel Inds.,341.95,46.13,4193.24,0.44,18.50,-54.61,336.87,-15.50,12.80
KFin Technolog.,977.50,56.11,16760.81,0.59,89.32,45.52,280.47,34.22,30.26
Indian Energy Ex,161.51,37.51,14401.73,1.55,106.08,28.01,139.24,28.30,50.01
Alfa Ica (I),94.97,20.63,38.37,0.00,0.48,17.07,18.42,10.04,10.98
Deco-Mica,74.95,17.59,31.48,0.00,0.06,-89.47,18.14,-1.57,13.52
Natl. Plywood,7.73,,19.05,0.00,-0.55,-184.62,2.11,-79.37,
Bloom Dekor,14.44,,9.89,0.00,-0.18,21.74,1.33,-27.72,-17.95
